-- phpMyAdmin SQL Dump
-- version 4.8.5
-- https://www.phpmyadmin.net/
--
-- Host: 127.0.0.1:3306
-- Generation Time: Nov 08, 2019 at 02:05 PM
-- Server version: 5.7.26
-- PHP Version: 7.2.18

SET SQL_MODE = "NO_AUTO_VALUE_ON_ZERO";
SET AUTOCOMMIT = 0;
START TRANSACTION;
SET time_zone = "+00:00";


/*!40101 SET @OLD_CHARACTER_SET_CLIENT=@@CHARACTER_SET_CLIENT */;
/*!40101 SET @OLD_CHARACTER_SET_RESULTS=@@CHARACTER_SET_RESULTS */;
/*!40101 SET @OLD_COLLATION_CONNECTION=@@COLLATION_CONNECTION */;
/*!40101 SET NAMES utf8mb4 */;

--
-- Database: `cerberus`
--

-- --------------------------------------------------------

--
-- Table structure for table `attendance`
--

DROP TABLE IF EXISTS `attendance`;
CREATE TABLE IF NOT EXISTS `attendance` (
  `attendanceID` int(5) NOT NULL AUTO_INCREMENT,
  `PRN` bigint(16) NOT NULL,
  `scheduleID` int(4) NOT NULL,
  `dateID` int(3) NOT NULL,
  `timeID` int(5) NOT NULL,
  PRIMARY KEY (`attendanceID`),
  KEY `PRN` (`PRN`),
  KEY `scheduleID` (`scheduleID`) USING BTREE,
  KEY `dateID` (`dateID`) USING BTREE,
  KEY `timeID` (`timeID`) USING BTREE
) ENGINE=InnoDB AUTO_INCREMENT=56 DEFAULT CHARSET=latin1;

--
-- Dumping data for table `attendance`
--

INSERT INTO `attendance` (`attendanceID`, `PRN`, `scheduleID`, `dateID`, `timeID`) VALUES
(1, 2017033800107501, 6, 1, 1),
(3, 2017033800106397, 3, 1, 2),
(4, 2017033800104425, 4, 2, 1),
(5, 2017033800104143, 5, 2, 2),
(6, 2017033800107555, 5, 1, 1),
(7, 2017033800104054, 8, 2, 2),
(8, 2017033800104495, 8, 1, 1),
(9, 2017033800106285, 7, 2, 2),
(10, 2017033800104112, 5, 1, 1),
(11, 2017033800104263, 4, 2, 2),
(12, 2017033800104313, 5, 1, 1),
(13, 2017033800106126, 3, 2, 2),
(14, 2017033800106142, 2, 1, 1),
(15, 2017033800104344, 1, 2, 2),
(16, 2017033800106006, 1, 2, 1),
(17, 2017033800104077, 3, 2, 2),
(18, 2017033800106111, 4, 2, 1),
(19, 2017033800106416, 5, 1, 2),
(20, 2017033800104286, 5, 2, 1),
(21, 2017033800106293, 8, 2, 2),
(22, 2017033800107497, 8, 1, 1),
(23, 2017033800104197, 7, 2, 2),
(24, 2017033800106262, 5, 1, 1),
(25, 2017033800107435, 4, 2, 2),
(26, 2017033800104104, 5, 1, 1),
(27, 2017033800104522, 3, 2, 2),
(28, 2017033800104255, 2, 1, 1),
(29, 2017033800105974, 1, 2, 2),
(30, 2017033800104487, 1, 1, 1),
(31, 2017033800104545, 3, 2, 2),
(32, 2017033800104537, 4, 2, 1),
(33, 2017033800104785, 5, 2, 2),
(34, 2017033800104216, 5, 2, 1),
(35, 2017033800104352, 8, 1, 2),
(36, 2017033800104584, 8, 2, 1),
(37, 2017033800106246, 7, 2, 2),
(38, 2017033800104166, 5, 1, 1),
(39, 2017033800106215, 4, 2, 2),
(40, 2017033800104224, 5, 1, 1),
(41, 2017033800104367, 3, 2, 2),
(42, 2017033800106335, 2, 1, 1),
(43, 2017033800104135, 1, 2, 2),
(44, 2017033800107532, 1, 1, 1),
(45, 2017033800104506, 3, 2, 2),
(46, 2017033800104402, 4, 1, 1),
(47, 2017033800106382, 5, 2, 2),
(48, 2017033800106312, 5, 2, 1),
(49, 2017033800104603, 8, 2, 2),
(50, 2017033800104174, 8, 2, 1),
(51, 2017033800107547, 7, 1, 2),
(52, 2017033800104762, 5, 2, 1),
(53, 2017033800104182, 4, 2, 2),
(54, 2017033800106045, 5, 1, 1),
(55, 2017033800104592, 3, 2, 2);

-- --------------------------------------------------------

--
-- Table structure for table `batch`
--

DROP TABLE IF EXISTS `batch`;
CREATE TABLE IF NOT EXISTS `batch` (
  `batchID` tinyint(1) NOT NULL,
  `name` varchar(7) NOT NULL,
  PRIMARY KEY (`batchID`)
) ENGINE=InnoDB DEFAULT CHARSET=latin1;

--
-- Dumping data for table `batch`
--

INSERT INTO `batch` (`batchID`, `name`) VALUES
(1, 'Batch A'),
(2, 'Batch B'),
(3, 'Batch C');

-- --------------------------------------------------------

--
-- Table structure for table `class`
--

DROP TABLE IF EXISTS `class`;
CREATE TABLE IF NOT EXISTS `class` (
  `classID` tinyint(1) NOT NULL,
  `class` varchar(8) NOT NULL,
  PRIMARY KEY (`classID`)
) ENGINE=InnoDB DEFAULT CHARSET=latin1;

--
-- Dumping data for table `class`
--

INSERT INTO `class` (`classID`, `class`) VALUES
(1, 'BCA FY'),
(2, 'BCA SY'),
(3, 'BCA TY');

-- --------------------------------------------------------

--
-- Table structure for table `datedata`
--

DROP TABLE IF EXISTS `datedata`;
CREATE TABLE IF NOT EXISTS `datedata` (
  `dateID` int(3) NOT NULL AUTO_INCREMENT,
  `date` date NOT NULL,
  PRIMARY KEY (`dateID`)
) ENGINE=InnoDB AUTO_INCREMENT=3 DEFAULT CHARSET=latin1;

--
-- Dumping data for table `datedata`
--

INSERT INTO `datedata` (`dateID`, `date`) VALUES
(1, '2019-09-10'),
(2, '2019-11-06');

-- --------------------------------------------------------

--
-- Table structure for table `daydata`
--

DROP TABLE IF EXISTS `daydata`;
CREATE TABLE IF NOT EXISTS `daydata` (
  `dayID` int(1) NOT NULL,
  `dayOfWeek` varchar(9) NOT NULL,
  PRIMARY KEY (`dayID`)
) ENGINE=InnoDB DEFAULT CHARSET=latin1;

--
-- Dumping data for table `daydata`
--

INSERT INTO `daydata` (`dayID`, `dayOfWeek`) VALUES
(1, 'Monday'),
(2, 'Tuesday'),
(3, 'Wednesday'),
(4, 'Thursday'),
(5, 'Friday'),
(6, 'Saturday');

-- --------------------------------------------------------

--
-- Table structure for table `faculty`
--

DROP TABLE IF EXISTS `faculty`;
CREATE TABLE IF NOT EXISTS `faculty` (
  `facultyID` int(3) NOT NULL AUTO_INCREMENT,
  `name` varchar(120) NOT NULL,
  `email` varchar(50) NOT NULL,
  `password` varchar(256) NOT NULL,
  `photo` blob NOT NULL,
  PRIMARY KEY (`facultyID`)
) ENGINE=InnoDB AUTO_INCREMENT=14 DEFAULT CHARSET=latin1;

--
-- Dumping data for table `faculty`
--

INSERT INTO `faculty` (`facultyID`, `name`, `email`, `password`, `photo`) VALUES
(1, 'Mr. Ebenezer Isaac', 'ebenezerv99@gmail.com', 'de786632264b9f3a79a7ec15c2460dd079554f0b0ad377cb8408edeb26947eec', 0x89504e470d0a1a0a0000000d49484452000000500000006c0806000000fda9357b000000017352474200aece1ce90000000467414d410000b18f0bfc6105000000097048597300000ec300000ec301c76fa864000054f249444154785eedbc67781cd7962d863fb6bfe7e737f678fcde9b9b74950329e61cc19c09022472ce39a746233572ce3903244030038c60ce3982c8399112254aba61e6cebc19cfd85e5efb348a847875f5663effb5be6fabbad1d55575d6597bedb54f55d304ffff7fff9ffe33693d711e87db2fe2f8c98b683b7d19a73aaee0d2f5bbb879e7a18a478f3bf1f8c9733c7bda8de79dbde8e91e406fcf20fa7b87d0df378ca1c1310c0e8d6178681c23c313181d9954313c34c1cfc6d1d73d84f1911718ea9f407fcf282646bfe6fbaf30d0cbef0c4caa7d06fa4731d837aede8ff44da818ef7f89c9c1af31dafb1263035ff36f2f31d0f702a3c35fa38f9f0ff138dd7da3e8ed1dc530cf3736fe12a3632ff87a42c5d0f028fa0786303028db11f4f51ba3bf7f120303533c27af61e025aff90543ae794ac5d8e80b15e33c96c4d4c45798e4b127f85ab6daeb311927c76bd235f802cf79c06e0e50a28b83e9e5e007b9c30077908b1919e5058e4ea9034ec801b4034dc7f8c4f4df78b2a9c9afd57662fc2beeff1253e35f1334ee43d0b4181be6fe04e0e5e46b75d102f6e8102f989f4d0e4f07c11310c7fbbfc68bd1ef30c9181dfa4a0128208c8f7f4b1009c008cf3bf50a2f5e7e8ba917df6082e79f98e479784d72dda363536a2b204bc8fea3a3af18dfaaedf818cfc3eb94eb95989c90ebff5a8d43e2856c655cef8480384e4c4cbafba7f0bc77023dc2100ea27f6892e011610222211723a11d5003c808d24bbc908b67bc39e19bd7afd4857cf5f2b5112002f562ea1b05a8c4e4d82bc5ba51391f99242c951096cadf2786bec670ef24a646bee1df5f6164f025594c86c86b82303efe0ac364cf285f4ff0f5e4c437ea7c02a0003aceeb13466accd442decb77b598099a317e3cd697323e6edf0d8d892643bcc03e5259c01be6a06456054039995c846217017cf7c05a688069a06aa131504b090d500153debf98f856316e6470025fbf78adc01320a7c605b0af14582f27bf675a1bd37662ec5b0594848026206a001a59c47de47302294c9c09e20899a2c51b10f999c4bbcc7b771c3f059e30504b6713a1b26881d28391af31343485c14123dde5645a9acac134c0de0d0d406d5f2d24e5b50bd398208318a2340c0e503b19a23fb21de8172d1ca72632cd08cc30afa39fef0528b91e79dd3f40768ad6f21832114666f3b80c61a684003d35f92dcfc97416b0473949fc5c03706c5c8821001a4323c25f8a3f037282e35519c4bf334c86982a7d7d72b11c1cd92820aa14912f121c4d4c3510df8dbf04a07c4774539827c0c9c035b11f9a0651fe3ec022d42bc5888009a39ef70ce359d720ba7a47d0c902d44d70952e13bc7e1e43b643c302e6882a5a3201c6426064eaf828812388c2c83182f706c06910e59c33017c773c3f15323e014fa5f334805a980c53ac0729d6430322d00490422db3af5525618f80a00e3283711a68da81b454d05257639b8026808d1038294add04ab8f004891ea62257ff4b417b7ef3d4571451dbc03c2e0e0ee8b6d7bacb06ebb199cbc0360edea0e5d722a5adb4ee1eed3e778fcbc879a3d8067dd7d3c3e8fcd63c96428700896a66d93e3af159002aa62b48414916910e57a141b05d0e998498099e3d130100d9f09a0bc3611f0c41e08906323dfbe4d055e84689576006d266682f71701e4dfe52235e0843983ac86025c3799d333328e3397af2126295501b673af2d4cb7ed56b176fb6eacdeba13cbb76cc7d24d5bb170dd7acc59b51a0b56af85e9f69db07676455a5e010eb7b5e17127ed55770fbaba7bc962b12c630a4c4d1b651c0a40926268c8a899c244017a98e937cc6b547af89320be25c35b12fd987d122643f45803f4581a80724239f15b61fe31809353fcdb7465562762d1793949e1e6c155c1e0df14781c880037caef0970cffa998ea3e3b878fb2ec2e212b06ec72eacddb603cb376ec5cacddb09d446cc5fbb1ef3d66ec4e28ddbb0d67c2f36585a63b599399673dff9ebd661f68a9558b27e3d662f5b86e51bd62339271bd985f9d87fb0054fbbbad1d9d38bfe61eae934884639e2f8a8ef83835f31785d0a487a405a29299a72ad1272dd121a685a687aaa69aa16dadfde0038338595964c0368044f66c01802e04c10e52402a208babc968b919915e0fae921bbfa87d13f3e857bcfbb91535e891d563658bc61e35b86addf84f9a61bf0e9f295f864d90a6e57e3b3956bf1a5e946cc5a6b8a791bf9f9a6cd584ab0e7999a62f6aa55047a2de671bb70f52a6cd8b98dccdd88d4ec4c145594a16f88e7238892ae03033c7f9798670234f69a607ea3801c1aa4db205986594015d0d3e92fd76e1cb78067d4d099a0fd54fc08c091217a2bfaad99006abe6a6618cd2a3f274802aea6971272e17d4c25619f30af9f17939c53888d667b09dc662cdbbc0d8bb89dbb6603166fd981059bb6613e59f8c5ea750ab4859b7762f1f65d58bad30c0b08f21ceefbc192a5f874e52acc21801f2fe56bc6ac952bf139b7f3572fc7fc5564e4fab52a2aeaeaf0805ad9c3aea37780858b6c93cea5a7c718bd3d7419030472f835ed9bc64a2960c6626334d934fbd352a6b29185e90d1e33c093f76f00142d9434160085856f769e066b6608701ae5256da512be7cc1d92478c2bc018abbb0ef61572fa21253b182207db9720d16acdb8c592bd612888d2a04b4cfd718e3a3e5ab547ccccf253e59698a0f97acc0474b09d42a537cba628d62a9319663368ff7c58a1598c5d79f2e9c8f2f972fc512d3b558b97103d2b2f3d03338a20a9680a35a37c6f030cd3bc7dbdbf3926dddb70490ef85912aadc5a04bca1b9d8890488b1f4bda5bf0148072c07e02283a219646d388317e28a1cce6cf0228cc9b54cc5402ce3410f0ba99d2d9259514ff0d58b46e0b966ede81cf57acc3ac35046fc356fc66e132fc7ac152fc62c112bccfb4fd68f91a05dc474bb95d2629bc05f3d66dc55c6ebf5cb3091f2c647a2f59a998fbd9d215787f2199b864b97a3d77b529630dbea4042c60c159b96113d273f271f9fa2df6f15dca3ff6f5312bd802ca58d57887a601e4f865dcc343021c63f8db69108df1064061a158a419e0bd01b0af977e8c00ca2cfc5b009c09a21417b1035201053c619f54d92b771f61fd2e732cd9b00d9f2c5e812f56b29a12c859a69bf0c99af5f8ed5282b692cc63cc660acf65e1984d867e4a903f5d668af9ebb733ddcdb06afb5eacd8b60773576dc4af672fc4af662dc017047b3619fac1a265787fc172bc3767b102f7c3f98b54b5fe7ce1222c5ab5067b2c6dd0d8dc8afb0f9ea0bb6710ddddd447eaa15a48a05cf5d07d0c0db2a7a6262a0005bc9941003567a20138133c05603fd3560e24eddca0505cda2836fa232cd11202d45f62a18434ebb2e020b33cc6bf8fb01a0bfb328b2ab168ed26cc22188b36b0ca6edca958359bf10959f9dba56bf181a4e90a537c6eba195f90655facde4896ae675aaec7a2f5bbb06c13adcd2e2b2c34ddc6aabb8b4cde862ff8bd8fc8c6dfce5d820f17adc4478b57e3bd7964e7623277c10a7cf0e57c2c5ac37312c0656bd6c0d1d50db58d0770fdc61d3cebec55e4e8658fdd23cd837860eaa180383cc42233fc9d8ad111796d04707cf4f51b1067c61b00454805c07ed1027e41403402f80d1935cd44324d034c8bb7296cec324480fb5944faa887d7ee3fa197dbcd816fc64a1ae23904e6b3e54cb3f52c16b4291f324d053861e167ab36e0737efec112024136fd7ace12fc7ad622fc76ce52fc66f6627c347f05662f5f87955bf76029276131992992f0c1dcc58a79ef2f584520d7a8fd3f23985f2c2613bf9c8b4fe7cec732a6f61a16219fc010c41952b0bfe508ab32fd22f5504054a9dc2f69fc63104747be57204abc05d068f1b494960afd868102a2aa48021e419450f9cf8a3436461a0bda92fb8c37c029f008240f284b4d7251fdf4564ffbc7e0e817a22aedc24d5be8e9b6d0a66cc297aba87fd4b8cf6951249d450b2565653b8f69aec02533e5b38f08ec6f172e575bd1be5fcd5980f7e72d6611a27eae628159b454e9deec15dc6ffe32fc8269fd01b79f2f61219abb50b1f0d3f90b09e202cca546ae61e58f8889476955031e3ee9c3f3e7c378fe8cf6a697d72c05547470461a6be069afc502190194949e4e676222665d01d8cb0a2c008a2ea834661801e4976680f826089e329f04704a4e3668dcb793227de0c419acd96581051b098ef8b8f54ccb652bf105433cdf924ddb319b1af899681f53fc5349e15534c764a180b860d30eb5fd9cc542e237f317abf86cc52a7ecf741ac4d5f878de0255d9455f7f2da0cd5fc2145ea6c093f884df11303f9eb7080b79bea59cc43dd68ec8ca2b678f2de04da0afc7c8420dc077b5505e6b606a000a030540d5670b80029c0028a134813b4918cbba9185ef82a84ca784509a271de5c944029ef48cc195fdac54ca39a6eba96baca66bd7a9c18bc88bf00b1be7aea33692799fad5eafeccafb5200c89e4fc952014dfef60153f1d7f396e05704e13f7ffe257e317b1e819aafec8b4c844cc82c32f00b5a9c0f1793adacea1fb088fc66f65cbc4fe67dcc42f2c1bcf9f868c142a6f75c555c3c43c2909499cf7eba9f3e71ba2a4f171501f15d26ce04d3d864185b434d07c5ee9968e069001a5968045042c053bee80d8802aa984ef14cb4404c03992159983d7df90e756a3b5947f6d1e3cd36a53926809faf5cad00fc88beee33fab9d96b3718ab3181d20094102b238c14668a8591632c6085fe64d92a56e0f92a8d3f5ab844a5b19872014cf6314ed0727ebe90fa3987da381f1f2e5c88f7e7cfc7dfce9a855f7ef925e6b0a07c46436e6ee78c33976ee0e1b35e1afe09e53e34f034207f1e40631a0b900ac037be68facb6f6680ec330268ac46124a0b544bc4934c33548c682f67b1977f8b49cea16d610a92615f122431c0a279ca6ed0b7c96b19f0c704e4036ad3c76490581a23f308043f1780552fbcd302ab77ecc6524ec6027ee7d3c5cbc826a63319265bd1c0df7c394f4d8e0a32f283050bf0abd9b3f19b39731478ef317e316736de5fbc50bd1603be7ccb5604eaf478d23ba040946b37f6c9c67b2433019c1992656f0134161579af0054be683a0440f5a59f05f06d8a4b3fd9d53789cec129ecb671a5f5d885396b372b30a48b10e0dea31e4908901f30dd7ebb88ef69a07fcbcf3e918e8200cd628a7d4290c4cb7dc17de61394f9ec4cbee47e73f9bdd92c1cef7dfa053e26680b6851be5cba1c73d895880e0abbbe64abf7e9629af2b9f3f0db79f31460bf5dc4f465fccd179fe1bfce9ec5eacf63b18f5ebd63278a6bebd5bd1fb995f176b161c6f86784d241794d60ffed00326426e4cbda8c8cb1da4a689f0db3c40f5250bb69be6f3deec5362b27e5f9e6afa7795e2e001aabe9fb8b56a842f05f67cda59631c564700b1651d3e6aa54fb78318d30df4be59c4d00e790610b172dc17202b484c0ad20bb5612d0792c1c8b08eecab5eb092a19cdfd054cf17df3f8f9ac25cbd47144fb848102de074bc85aeae17b9c3499b88ff9bd6dd676a83b78148fbb69aefbd8afab3b754610a52b5184991ea36cff5d000a85e54bda010430ed40e363dfff19807dd481e7432f70e55e272c9cbdd9b2ed52fa253a26204a8595822000bec701ff9669f6dedc3914f639f89883fc64de5c7cc2f79fcdfe12f3172ec0aa152bb166c5726ce07637fb5abb3de6f072704490872702198ed6b6b034b780b999059611e0e5d4bfa564e1024ac22ceae3e79c800fe790815f1a27ea6fb9fd0559f9b72c24ef11482936b26c96965f86079d03e8ea1d538b0d02a0846aeb24bba6c7a861f1b3004a2b275b2dffb52f2ae419da418c0cfc819fbf2653bf55056760fc5b3ca42d1000576d336707b1038b98c6d2758839fe70999185524d7f4306fd861af5f17c32efcbd998c5ed8a55cbb1db6c3bdc9d1d1011e00b4364385222c3901e1186fcd8681427c4a32cc980f2d46494a4a420df604072549402d46edf3e6c66b55fca3417962e2238f318b3685dc4befce2f3d92c22048e9fff925ef2d7fcdbe7ecb3e7d301b8fa85e3013da130b0b7575828ab32c6be58c58c6aac01680c23885a9808eb043c0d40f9a296c6ef02687cfffd8f0094fbca8f7a4671e3510fb65a3a6229db2fe9633f6787f19eb45cf469bf6475fc25bb031179593959b0721996ae5a860d1bd7c2d5c106ba603f64c613ac940454a51b509361407d9a01073252541ccecbc2b192021c2f2bc2f1ca0a1c2e2b4565662632f57a44f9f9c1c5ca1ae65b7760edf2d558be7415e62fa0b6b212ff86f647aaf7df7c3a0bbff8921328eddfbc6598cb56718fb52bce5fbea78a88a4b0a4af304f42e9e134163f05a0304f0b9341495b862c6bcd0ca1eb3819f7e7001adfcbc1054049e19ed19778cc99f40cd3abe65f63e0c76cdf64a5e57d5a8c0f16317d08e087b33fc7a225f3b179c31a38599b23cad71db9b111a8c94c425d56329ab83d989584237c7d2c2719270b3370a6241767ca0a71babc10e76bab70f94003ced5d7e26879191a737390171b8b484f2f389aef85c5cedd58cd94fe6cd63c9e6b3ee6b1bb916e467ae68f97acc17b6c0f672d5e8b8ddbad70b4eda20250d33f0520c7ad81f7530cd480332efdb19533ae05f2cb8236bf205bedf5cf0128071f20d5a57deba32f942a9c51544d1bb35331702e0b8998e2f758893f58ba8cd665093e5b340f73e6cd328267b907317eee480af246615c38ea3312d19c65c0c1cc041cc94e445b76124ee625e15c5126ce9764e34c71164e1565e35c4531ae36d5e14a533dced454a0253713756949c8890a87dec70bfececed8ba91469dc54a2ab7f4ccefcf5baadabdf7c8bedfb0cf9ebb7c03ccaddd71e3ce73e3a2c234884aff38ae99e0c9566266fafe08c0be9ea9e97b22e2ae09908035fd050150c4527d69daca6821b32500f6b180f40cbf50a97ce4d4152c3215007762dec61df8cc74233ea49df99805e1535a8879cb1761c3fad5f076b286ded70de961fe288c0e41794204f66710b8fc141ccb4dc2b1ec04b4e71a70263f09670b52d15192a140ec28cbc5c59a725cdb5f8fcb64e0d9ca52b4641ad0981a8352b23887c74aa01c38ec33670567b5deb049f5cb9f538765d94bfa6601f093792b60bad902b7ee751b1752387ecd81cc0c01f00d98044d035075609a919e09a0006604cd08a4716bac3a33c1d3bca1cc98dc9c1110fbf8faeed3416c30b3c7922de658b86537666dd8c260dbb54606416bb26221766c364598bb0352023c901bea83e2e82094e94315084704bcdc44a6af1e27b2e3d096138f537cdf9e4b4099ceedf9692a9dcf9617e1745909da8b727134c780e6d46854c587a22231127971110827b3776cdf4c9036aa9b50d2a98881ff9405e4a3052bf1c9c255047737ee3eec33ae01888c4da7ad84bc9ef9dec840adfa1adb380d4493c15ea6304363e05b008d5f9809a02aefef02383085de8149b6722ff0ac7712566e4158b66daf62e017ec223e6395fc84b6e4b3a58bb07ccd32ecddb9193a4f2764077ba122261465ba105471d0ad5989385198861364dd89bc04b4e527e2786eac02f170660c0ea6ea71882c3d9ac77d0ab2d156548093c579d4c824b4a687a3ce10826a4338f2e3c260e0a4d8585b60f95a5666d335ec8cd6a99e596e587dbc883df9f275b071f5c3dd27fdc6f6f52f00a8a5af30513090a52db59020206a8b09c3fdfc629f5103dfa6edbf0140a1b768c6304fcef4956ee449ef04bcc313b172b7a502505699e79185723b72e1f2a5d8b9630bfc9d6c90c6d4cd09f745892e185549d168a4eeb595e6e074651eda98ae6dc5a938559c4220e3a88389389a1d8ba359f13859948e73952c243565b850c762d250818b7579682f49424b760caa53c8c09820e42646c3d7c3091b369962ceb2a558b57327fb70d1611697a56bd8afef4256512d9e73d267325003ec0deb88838c53c6ab81a7c51b0047f84509595519e39704bc1f05019d5948b490bb5a72221160e98d05c0a76c8bfce3521578cb77ed53867abba53dd69a6e62d1b041909333f4deee4809f1454a980fb2e38251465655b2801c2e27a3ea4a71bc82295a934f50d270ae8c801525e152793a2e96a529567654e5e3cafe0a5c69aec3b5a38db876a21eed0d0568abca45238b4f85418f027d34d275d1f0f3f0c042163069f9166ddeae6e297cb97233b6ec75c6a3ae293cef9185e46f8cab50c4602613658c6aecd3049a09a0711df4a50a32f0ab9f057066e5358671d95b03504ed0dd3daa0a8a742447cedf80a9b98d5ad793bb70abd76f85a78b17f4fe2188747587cf5e0b38edda0c7bf34d7077a48d09f44066a24eb1a62049871aa6720b0bc7a9f21c5c2028972ab2705640e4f64265162e3594d0c214e310197baca608c7f697a3b13c1bd5d4cfc2f828a405fa22d1cf17a96161488c8c4268683816ad5aab5689e6d35aada17d693c720eddf4b14f9f4f9181b462b2983c0d9cc63e19ab1afb1b00a7d937665ccad79e73fc3701f8163c63c80964c94b9d9027971374758d294b20a6dac2c153ddbf58b97927d66fd981a8881804bb7bc3856d99dd8eadb0dbb505f6fbb6c3de7617766fdb00330afe86158bb18fafed766c44b0e35ea40779e0102bf1e9f24c9c2e6125aec8460bd3b82c3e1cb94c7da9e2913e2e08f27644808f337c5d6ce163670db7bd7bb06fe346ecddb4091ef60e080f8fc48e3d7bb19272b26d9f9dd2be879d23e89345e0f1df196fa8118399c0c9568b77017c73578e004a980c4905e601fe1280ef82a79d400350d603c7f9b7be2ef693b404f2244079f501ac60ba2ca4a1b5b67742584838c27dfde0616303771b2b783a58c3d5c9128e8e96b0b234870d6dc7f64debb169f50aac59f8252c36ac42808d19b299e652189a33e3d0929380627d100c01ee0873b585b3c54eeca49fdcb96d23366e580bcb3dbbe0e3e284487f3f322f0249d13a04f9f840af8b819dbd2356ac5987cd3bcc70a0b51dcfba86d52a923c953613c077c7f82e80f2b092765f587b54f90d809acf919d8d21f4fd3170ef1e5c62628c29cd630c758d63b87b0207eb0f23d82f9436c20c91513a787a7ac26cc77684faf8421714c8084080872b5c5c6ce0c32ec4d7d71b76b6d6b0b7b381f9ce6db0dab95d31d4dfce02210e7be1bac3147e169be1b17b1d5c76ae4390fd3ef84938dbc3c17a2f1cc932171717040706212a2c1c69898948626792999c8c9cb434a41a12c9505f589085c2c6de9e2182368c9eee6155fc44c3b5f49d392ec1428b9900ca93b5c6f84a3dd2f2170114f024e46002dabb5aa84ec4aadc4bd0467911939cc96b27afc2cdc20186703df66edf85507f7fec21281bd6ac842e2410de8e1cb4c51ed833cd766ddf8475a6ab08f456b2702f369aae85b58519ecf6ec86cdf62d0874b04462a03b229cf6a228360805acae516ed6480f0f40a89b3d5cad2cb0951665cb868dd8bc710b76f27ce6667be0ebe9017d6418320d09c8488c47617a1aa20303b07ef90a9464e7e1e299f3e8ef1a404f573f817bbb22ade46806881a16c6adf14692304f9ea095a7b2de3e60490d9396642680b295502dcb0ceba285bcd742be2b00bee89b407d761942ecdd28e2c1d0317d9cf69a21c2df8b15783722c8364fbb7db0dcbe11dbd6ac502026464760f3ba3558458f9893928492ac0cecd9b48e2d9e27c29c6d10e1628d68e7bd68a695395c948610bb5d48a3f98ea7090f74b2e5f1cd11e61b80650b9660f7d6ed8a792ef636b0dabd439d3723260a65e929480e0982d9ead548635149d727e060dd7e4c0e4d6278609c6dac3c916b5c0794b16aa161a11967c5be0901efed73def2a8ef5f0450de6b000a68da6af4bb00ca930c138c519ad2c69c6244d9bba0302a1a2941fe0865cb966f884661720cb262c310ebe7069db70b021cadd88db82031340891de1ef077b4534b5849618108e267be5666d0bbdb23c2610f8a227d599133d1519d8b4056eeac504fd5c58472bf487767240405c3c7d601c1aeae284a4f4588a72b82dd1ca0639129888b527d7275523c3298e2552969ecbdc3505350827182d7db3548dd36aec468006ae3d248f40640b2cf08e05bf014800a24023813c499401a67e1a7d967bce1c414e81bc5cbfe313c39771911d6f6288b8e4666a0170c3e4ec88df1e74082509a148e427d304af4e12860f751ac8f427e4c043d5b24722282901f1d8a8c103f6406fb20d1c31ec91e7648f7b2c5b19c385caacec29da622140439a330c41d394c6de95e0ac283514cbf5712a3477912fd644a024a68cc8b13c251991c8d836cff5ab39371383b0d892c30cd195948090e45537105869f13bcdeb13f63a0461c6dec6faa2f8b86689f3c95aa62729a8133c19bf9e57741d4c0d3286e0cfaa711793a6b02e39ccde1db0f91e0e2864c5f2f02e080642f3b1445b3df8df565350d451d413c90168b968c78b564d59cc10e8226ba263e52b575f5061d4aa3025016e987ca283fd4eb037086ddc8cdda2cdcaecb454761229a1342d16c88c07e43140ed0371e63da1fcbce546d5d7b490e8e16a5e248be014798f6d2571fcb36b08b3120dddd15877372901b1583ce1b7731d43960fc49c5cf02f8f626ba563834f0de00383385678634ca72006dabbd96150879044ec09390df95c8c39523cffa30fef01912dd3c90eae9a6185412e583d2182f94c778a336de1f87522370223b412d531dcf4cc411b670cd8951389c1a8b830206bb92a678024dd6564578a02eca13170b1270b92801570b0db852cc3e39251c470c6168e7773b0a32d0919f89f30559b852c10ea52a0f972b3371b5865195813305f1389a1a89c3297a948404e0507636f6e716e065ef08466865e4d7537f1940e3b845fb340025757f0ce00be333d233d357b6f27e26701232131a880a48b66f92c2f2fb12f9a9d644ef28461f3e459c9b3b32fcbc10ef6a859a84201447baa332da030d7a1fb467e9d041665c2a659b5698a2e2684a34cee6a5e014997224956947df5716e2826ac6f1d4309ccbd4e14669126e9526e31a413c931e8d2364e1f9dc14dcad29e667f9b8c6aee446450eeed4e4e16e5d0e1e36e5e1f181025c2b4fc671027e344d87f2f0401af31c741c68c1e8d35e0cf78ca8dfa0c8f87f16c069df27ec53004e83f762f2a50a1331bfdad3a94600e5b5f1a9839f02f0473146432d4f730d4de125817c417b901c1084547f6f443b9853a33c514a006bc9c2e6047f9ccdd5935189b85a9a8a8bec2e2e5764e032fbddb364e419761d6d19b168880940a1bf3d2a839c7032334a01f8a4310ff7c8acdbec874fa745a19d409f4c8bc3c3864a3cd95f85478d15b85f5fc8d7c578dc948f474d3978bc3f17372b93c9d038b4e7c4a220d41bcd3919b8d57e0aa3bcce41b69fea017b6d357a46160a0edaf867fa3e0dc09753f2bb916900e5203f07a06c6782a9bd5741066a0f228df58ce3152b5bae4ecfe2612c2079a1ee0ac03abd370e2506e25446143ab26270213f1ee78bc9c4f2545c637f7b363f1117685364edaf38c099691d8c0371814cd5105c2f4bc5d303c578c62272a72213772bc9b6b26c9cce4cc2c5e26c3c69a943dfb146741daa46ef912af4b496e2615d261ed4a6e15a198f5b9280433c6f350b4b69a21e0f2f5fc668cf200b1fabefbf17406ade9f01a81d4028ac2aeb0cb034c066bed67ed4a28269ac1ed616132a9dc8d3011add6824b099cf0ef7477e84370ac2dc50a3f35400b62787e16c76342e14c6e15a4d1a6e36e4e07a4d0ef52b1bd7ab0ba8913ae4fa38a8c5d4a6f840b4188270bec8805b5559e8395c854b05c90abcfb75a5b85c92873682788baf074eb562a8bd19436d0d18385a8947f5590ac01b1549385d1083c6244e486e825a6cedba7b17bdcfba95f6c9d8b5f16be069006a63fe4b007e3539a5c244be3c1340ed8b334335cf92c2a33c1181931fe248a88242d7decf2e648a277e7ae321a27d02d941042239d817063fda8e285f5451ff5a9382709869dc9e1686d3d951b8586ec0e5aa745c2acbc4e5f21c5cab2e424d4c30b2f99d4c1f47b86f588268ebeda8d1fbab45d5b36468812f7b5db3cdaa289cca633ae7a7e354613abadb0ea0afad11dd472ad1d552887bd529043d85c795c5593d1a5222e90175a822e03d0f1f60e0392b70ef847129ff1d008decfb39005ffe1840ad3513f014039996c60789c83c2dc6b5c7fee5072c029ef1b7c0d20a0988f2c3c0d1be310c3ce9464a740ce2428351405f16472f9819e18b3256d51a9d070b842f453d1027d28209809e00b022e718703a2f9576839539370d8d29b1288c0c429cbb0372d9b6a505782227c457fdbdad284b599e8684489c2cc9c2cde66a5ca92bc6dd96723c6a2ec1fd862cdcaf49a5f61970b13411a729136d45e9a8e2fe2d795928626b77b5ed0c46bb47d42a7c4f370ba0f4f13f72223fd67f19b7d144b3ea4eb3cf98c2532a8c004e83a755d61f0138fd30a5f1b713c6d080546ca4a591f646009c1a1cc38df31750929385b8b050e883fd91ca542ea29fabd27b312d3d71d8e087a3c901b43151384e3d947b1d02de61da9aa6d4380e969d4b4cb832d5d99121288b8fa1f8a7a3393315f52971a84d8cc6d182549c642a9fadcac7e5c6325c6b28c695ca345c2ad1e36a710c2e15e970a6281e6dc5c9a8a53d6aca4ac3d18a4a94a767e1e2f173187c4e1b33f08aeee115539904f8ef0268fc398700a8699f8037353169fcb5e6db0e430390079155d719006a3f7dd242a5356372fc7ba52763039c119aea9763dc8e8e13cc115c3e7512714c656161798c2fabb1270ec4fba025d18f6638048d8921a88e0f563784ea59594b74816a092b5d981bec87bc886094b363a9672b56a58f66410a412127a42a3e0c75ec345ab21371a23c17c799de277274389915820b7961b44a11384e9968c98a452dd3f67453133a0e1d57e0f53dee57bf4316d9512bd0d345f45d003510ff128002de0c008dac7bf3e0e40c00d593a8d30cfc3188466b3331f13df77bad5a9d5156e171a6f740f720c60647f1fcd123c4b2914f641a16457aa33cd20df5b1de68646752a5f345518417ca64a5259a0587e0c579d923c9c795e18ee2a848ec4f4d456b46260ea567a03d3717e74a8bd1949cc8c90847515420f2d9b554a7c493997aeca7c61e4bf5c7b9ec60daa27056de08fe5dc7d62e113df71f2be33cf87c4c2d7c0c123c5581ffcd00be4de19f00f0cf8113d034e0fe9c814663a91848006509481e3a9a103009a2a4730f45baeb39679a2ccc4d4985dedf8bccf25215b932da4b4551a807b283dcd5a281dedb057a4f17f8ecdd83042f2fa47afb23cb2f0c45816465a00ed561f1688a4966b792494b64405d62127555870c4a4416595a1c1b8eba387f7a4d6fb4a5fba12d3b042de911a84ad6a33433f38d6916bdebed9e440f1d83563c67ba909f32d2ef02383545f0a66372929dc84f0137133ceda97c3980c4bb00be98fa8311c45159c196f5c1311ef83bbc7af547b56879e2d031c5c294608218e28e92702f8607f2433cd5adcd785f37c4f97b20d4c90ebb972f83ddba4df0daba0761e60ed0ed73419a831f0abd2290e1e88b245b3724d8bb21d6c1150166e6f035374302fb6eb14c52e9f72778b12df4436b5a006ad9ee1527c6e044cb217453f31e3ee8c7f36ee343e5b20aadfd46fadf0720dbb829c60b56e469104d6682f616bcb7f12e80daaf16053c096da1756ae20775c221698f7841bd12bcc0270f9f2321229269ec45c678a230cc5b453e436e6d26fabba9c73b32c20211ee648b080707247b8af531a025390b2df19938914e8f68c8444b521a1998801cdaa43817476a2541f5f54416bb8c4a4a427352205a5383e8fb0251911481d2f414dcbc724b69bb3c81d0c5cadb49f6a97fe280d727f770de05508b9f05701a44899f00d0f8b37823786f59f823ed9b669f9c40664b566ba4e996b535d144796eb047fce19014a7af111b1983585f5f55590b22fcd9e2f9203f5c8a4420f2a28260f075e536844010183757247878a29c1d4d43622a8b41218e65e4e3505a1699958e0a5d14fbeb5094ea22509b92a01e0d298cf45345aa293904fbd3c2d5fde1eaac6434569643fd932b04e7c9b3114ee84b74b3804874b273ea2748ea07467f0140899900ca0fae5fbe988e977c2f006a3fbd9ff933f899a1fd32490e305303d50d168688eed4f86b5ea8114c4967b9e33530fe473ca74de8b87017817ea1f484212addc4dbe586fa21cdcf5d6d33586064ed30877a96eceb8158372784585922c2ce167a476764f8fa23378885263884691f648cb02014e9085422cd31bb8b6256f9aab82056e7605a967894d23366c4c7e1e98327e8a1fe09cbe43a25954562e4a14ac9904eb9a9c4cf3416ce0450265e3d544f69131035062a1d9462a231507e65f42e806f7e50ad82b3f00e03670228c543fe3d171169d141b9513d32f57778dcf30ab71f8f23aba001017ed10870f586dec747a55caa2cb78b47f467eafa7a2393911b24a6d947459c871be23dddc944772479735f7f02ed4f7be3c7fdb9cd08f2433e2d4d657c14991ac40844755ca87acaa1803e328b8639269aede2b57be8eaa12b20bb043859beea7ac62ea47f124fe5e7afcc12f564c2cf014862680cd400543f3ed73450fb573066160c051877d4c03302380ddc3b00cacd6569750444b9c5d9dbff35ba877ec093c1dfa37cff7944c617c3cb271a9e4e5e88f10b547d728c872b0c042589699de2e98d540f82e81780f480401445d37ac4c6a0d29080f204f6c4591938949f87c305f968cdcbc5fecc0cd4c813ab71b1a84c8c559d49a53e041571e128339079717a24c51960ebe089fcd2466681f1a76ca2cd02dec8e094baf5da35405d2480eae71d626d08e0cc34165facfdac43fd1b0c04d018520f18acc0aa0aab5f59caef7c67e8a056817f04aae8decc982e22c63bf49c2dc6c4f80f1819ff039ef4bec6857b93083154234057883dd67eb0b7f6848fa327c20956a49b0774042e9ee96970f781c1d54b158e641f7ac39868751fe350612e0e17e7e2604116da2b8a71aeae925185b6f2623466a62b90f3a368a80d7128a60e16c544229bfa9899988cd8d814acdcb007e18905b87e7f98a92abf1166ba928512c2c0e7d4c11e4eb606a0b0f0cf0194fb401a80c67fd8e7cf0054ff460c5b32cdca68ff28c3bb60be0ba0505b429827e029fd1bf90e8fbbbfc6f3d17f406edd05f8c4562130a11a7b1da3606ee1013bda12a7bdf60874f14688bb1fc2dd7ca0f3f082de95dae7e5ce704516fbe0b284283466c7637f76025967405b5926ce5617a83851968fa6ec549450ffe49e4a7e54043d6618bb9d702485b1daeb1211a54bc5fc55bb915bd38efae3b771f5c138bafbbea57df90a5d9df2ef6d8dabd4ee66c6688f376b006a21206a4d86341402a2b116180194f435161159552168aaebf81900d50335d3214f2569554ab4efc5e4efd4bdd5c1911fd035f47b9cbf3f057f4303bc13ea1196de0a1f5d3156afb781a3bd2f2c77d9c1cdc6159ef61ed4455ff8d9bb20d0d10951d4bd186f77e3935bd101a8a08fab490a43535a340ee5c4e3587e8a7a00f3404e122ad813e7e8c290c16a2c37895243239110148aa48858e8c2e210189288f96bccd174fa11b2aacfe1c0e92778d4fd1a9d9c5c01abb3d35858b42713d443f6d369ac8580f8b6bd357665462933fe46fa0d8072775e134c415b0350f5c1d3a0aaf73380938aa685581869859e77323d867f87bbcf5f21affe22dcf5b5708f6f847b6c03020df5f868d626ecb3f48695852becf7bac0c6c2099ecebe70b172869bb523fc9c5c10ecea82383fa6337da13c782985a13cca1f75b1a16a05a696c6b832514fe645212d9c8085862131241a09a17a56f908244727421f9d0c7ba7402cdbe284daf647c86eb88aa2e6db683ddba9407cd669649d1415b15d1a888a85d2da11bc1f1795b7a43266e2f43f42c4f455454476d6e82a40ce445c03f04dba4ea7aa84f48e324bf2d3f9ceee97b8f96004f547ae2320be0a91b927109275128e318d7088aa4154ce11fc66f666acdfe6003b5b5f38da7ac362a71daccd1de162e701076b2738db38c3c5da0e018e2e08737152d5b8303c10c5e1416a11a18880658784228d8c93f5c6185f3f63510a8e426c503412c36269d8e3111f9b85cdbb5cb0d9320c55ed5da838d987b8d28bc86db886d33786f18ca9fcac6b52696277374db500c81000c5d2484803a0ec0dc767fce5ea3491089ef6efcb4c8e4fafc6882ec8e36af28cdc88dc389ff856fdfc49fe7939f5458226bf07960788e41110597d9667a865b6fa065fe309ed4adde11b700ecfc7bec05c059abbe1085c138ec033f918bc530e2130bd19cb767ae0b7f34cb1c3c20d2ece8170b4f4c09e4d7b61b16b1facf6d9c2d6c60576d62eb0b77284a3850dbcf75921cc91ed9c0bfb64d1496f762a1efe0876f347a44fb07a5c2edadb0fd11e3e48080c477a8c01b1e109080a4ec192f50ef0d435a2e2d43882f3af20baf43af20f3d414ee3155c783081c7fddff2babfa61f3476284f3a078da00dc983a2d4cbfe29f448474552c9a3cbf26b0421984a6359d21b9dc0d4d8385e4e8ccb7a20c119fb1d459595883b0a90e3e3fc1b434abf840027379f64dfa1e11fd03ff2073c62aa76dc184276d53938841713b046b8a61c868dfe106c638fc23ef608ac229be0a06fc4dea05c5805a5e3bf7cb1124b4dcde0e61a0c6feaa187953bf66db7c09edd7b19b6b0646a3bda79c2c5d6151e960e049140eeb5840f533cd08d45c73702213ee108f10a42b8b73fa2bc8c953c3b3a0699f12988d525c1d221083b1da391d9f400f9c78791757800c9073aa1afbc8af88af3c8db7f05c7aff5e3d6b36ff1b4ef073c2381fac9b24e161579485480937f0e5080eb2233e59685ba6d319dceb2162a2bd3c2be098268d2d36da4f3c4f8efa9056214ff1e837d2cdbb4246a994796ef59a5e5e65127df3f1dfa03eef7ff09072f0ec336b40cbe64d8def02aac74ca845fe115ec8c684148d90338269c4460de65027b08369115f04aa8c4c74bb662feb2adb0dee70c5773078450033d98be0e16764c692becd96503dbbdce70b67482ab852d3ccc2d11ece0025f1b2778d9bbabc2a3c0b57343909b1774b43db9513a1426242031261681615158b4c90c3bbc625071ae1b4907ee23b5f51922caaec233ed28921b6fa3f25437526baea0a4f5216e77ff89aee1073ced6457c202235224fdb2986b2d23b58a2c5b63bdd0ba3362333e218f7618d35156678706bf23d3c8326e25b5a5b2ca81baa8074ffabec29dbe6fd07ab91f3125e7601ddd88e0a2abf0ca3c0bbf824bb0883d8cbc8e570820782e999761117914fb225ae195761afb422ae093d480d5669ef86cee5a6cdf6281007b4ff811a8207a432f5b37d89ad9c16ccb3eecda44466edc8d7d9b76c266eb0ed86ede0ebb1d7b98d67604d69120ba2382e99b1615839c9818941b52909f90a49e4134b373c1c21dd6d81b91869a6b83483e781709fbef22a9f92162eb6e21bcec12c28acfa3f2dc087c528fc233b611b5871fe1feb3ef9951dfe161277de1c077d448a6720fd948724973a0d60c1590c4446ee38ef2fd3849c530e9e9947f4192f41ca0e719f91e3d64e1d02853baff353b8aefd135fa475c7a388eaae37761a8ea807b520b129b9fc22ead1d0195f7b02bba1576a967b02df220022b1f21f9e838f6c59e2280c7e1107f0a6ec9a7e195de86b082366c758ac26c3270c7362bf8daba53e33c102d9ae6118420577f78da327de915edcd6ce1406d7432db07973d7b99ce76f075f24090a71f220358442274c8d4c5d0c6c873357148098f878b5b1066adde812d5e3a78e650ff08600ed996d4f20085a70711517d03be05e7e05bd88190f22b082c3c8728169788ec93f0d3d7a3f55c3fc7facfd4c6dfa17be07bfac657ea9e892cf9bfb977ce2c944c949f760c10c8611a6b937ed276a85f96a5bec7d367930ab82703af55aa5e7dfa0a85076e10b8f3b0896075adb8025ddd0338659d8377f96d58677420b0ea3e36873561634803ecd23be05970038ec91db0d5b7c332ea28bc332e425775177ed9ed08cd39888f166ec6aa353be0430646bafa21c2d907516e81086304b91823d0c58fd5983ed1d10d119e3e4c570f8451f3e299a229d16cd774b1c8d5eb51101b8f64ff4844b15534b7f2c52c534b58e98ae090d68498c61bc861054edcff10094d8f6068ed82eec013e85a9ec225ef0c0a2e8c23a0b80386c607c83ef018a1596d88ca3e8a431d3db8ddf91a0fbb5ee1190be4204924d9d9cf6e46164ab47b4802a4fce36526bdcf2994045010ef62ea3e18f801a7ee8eb1fc3f66f53a471d3b83c8ca9b88aca2aea59c41cc815e7815df4248c313c41d1d44062b9d75f271f8955dc7deb84370493f0d27433b6c7447e191da4116b6337d1e31adea10597c0af3d6db61ee92cd30db668950b22eda3d08319e2134d22188e456ef27a658a7ec8921348a3e2f5cade42486b3558b4d400e2333321a19e11148e7e7298131accc1158b7c5195b1df5b08ea9859d81e63de72c320ff731656f40577d1f9927c7e15b791b8ef91710d1f204d1d4c7e4635d886c7880c8da7bd0d7dd81befa3ac2728f238d5dd4c99b23b8f9547e3c44ddef6635eea7bcb17a4bb68aecc9e3d0f258b44957f757cc798a28816bbfde8f868ee7f0a5ed88acb88cd0f2eb486aeda1a65d8047fe75180e8f22a2a10b66fae3f02eb90d375a04efc2cbd81e510b7df36378e49c5117ee95710a763187e096d40eefac0bf0cfbb04b7b4e3f048d98f55167e98bf7a17366f3487c31e3b843a1b41943496d0f98429531c1f144e00698ec309524434d2a979e951d1ec54089c04814d623ac7fa45c0c33e009f2dd881bd7ed9d843bd0d2cb88c700297d4f80c69cddd88a9798490ea87086e7886a0a6a708aca74ee79e46e2e1e7cca0bb883dd2079b9413f02fbe80cc639d082f3d8b04ca55fe819b38766900b79ebe46eff03fd0ea30bd9fd3d6d0fec8bf54220fe79bdc659e5f60c35d77f22122f38f21aafc32abe835b8669f43c2a10102751359675f22f9c428d24f4d72c69ec3afe41e62f60f20b17518ce9967609dd08ac4834fe091cb34a5ae889d718869815fc66984145c4154c54d6cf6c9837f762b76b8eab060cd6e6cdcb807963bf6c1d3c64d3131c23d90e10fbd6f304109512659d8174ff61968a0637dfcd8ef9291fefcbb6f003242a290e01f8a70af406c5cbf0b6b773a638f4f2a76f9e6c32df130f4c56453f679c451a7c34a6f22ee108bdfb16178553e40c4fe6e58c71f432ec7b321b81eb6591dd0b576c331fb3442eb6ec335e7240bd043a4b35227565d4666ed151cbd3888eed17fc2d3aeef98d6bf53592bfa6892b5ff3c74a5c7105bc9742d3883a0926b08aebc8b4da18df02bbf87e09a877060a5b54b3b05dfd21b70cfbb069ba4b3d81676046e59d7b139b80ee6b10790d6d60f5dc35d04955e8065741d9c625be012df8a90bc0ea4b30ada44552234b7152e91d9306517b28d296cb1dd128e7b9d941e86b9fb21ca930052ebf47efe88f50f50214fa01a82821047cb9244f032c84a619ede937f0b886217e3888f3e5b085b9f5878c657c031ba1a1b5d32606a6d4058d629141def41c1c97e44343d4450c343443477714c8fa1ab7d8ab83afac3e61eec4d6e8773fe4544367752967ae152781ea1b52c9aad9d4a43438b3a90b9ff0ef29b6ee07edf1ff1acff7b3c6747333cf67b9884967520baee06c259a5e20e3ec5a6901a145c7c05aba41370cbbb084f1ed83df7bc629a0753d1929a66a63b01b36856d89c5b30f5abc5d6f07a0456dfa60e5e836522414a3f8eb092cbec448ec041d780a0cca330f9d572acb10a426042214cb75b61f76e1becda620e2b1a68574b6784baf92af062bde53e4900fbe160d5b2c9ad00792d2d9c3cf965204313fcc269a243e1c19670f5da9daab25b7ac7c32fb916cefa4afcd5e7dbf1bf7eba059fad7542235330a5f50653f50c74871f308def20a8ea3665e50ac24beea2ecc2b7d811b11f0e19671056ff48e9a44dd619c49f18845bd115a4b68d50f79f283f69a8bf8ef8f233387a631077fa7fc04dca9f890f076d97711236a9275172ed7bec8c398098839dea242ed4b38ce343f02690521c82cb6e23b8823352fd9427bc4a806f626714b52ef7323c68a23d4aaec0268d5a52466dcc3e8500565e9fe416fcd5279bf19f3e31c536c7486455d21f3a06612f5b395b6b0f58ed7182bbad870230c6cb87e9e98f3402971a1cf406b46ca66ebc8fb762606a700499198910cf70762dfe58b2c6124bb7ba615f4026acc30ab1de3911ffc3871bf01f3e5c8fbf99b30dbf5d6501dfdc46e45f780cc389bb883ff208a135b710cda298403d4fd8df458bf380a43888b57e156422b5bfe919bccaef22a4b1137e2c40fac3bdc83e3b8eb8030f29071d48a8636f7de436da1eb117f6a49ef994df870d2d48fad94938e69e63993f87b4f621acf12d41fe19ea1ed3d8b780e81fe8817e7f2f022b1ec0b7ecaeaac66ed95710c9547065d7e1c3d437371cc3bea4a3704e3d01a784667cb0ca19ffc7ec1df8eb4fe55f32b2822eb301118672d8d0135ad904c2d6d20bbece7e0875f1513d6f26d99623e0f9fba975be643f3f64848522373a0ab9f47e92e651019170e124acd9688739ab9df0f95a0f6c71cf847d4c034c5dd2f1cb95aef8ab2fcdf01f3eddc4ed16fc8f9faec2a7d4488bd80204559c4678fd0d4acd0db8669c87050990d43a80ad214df02ebac131dd40c401165202ec517a1bd1adfd7064e6e55e7a45c7318ae0aa6bd47e02496b9774f0164cc2ea38039c09e7bcab086d7c0a43db303581027be105b6463610c851f85384639abae09e7359b14d7443b431b0e21ecc235b114e40cd62081a8fe146f1762563bd3809f32c74f88f9f6cc35f7fbe0dffe94353fcc7f757c135b21086a2e30888a9c23efb68383b86c1cf39906d9d270cde7e288e88404964380ac243d403e4a5fa580564515c2c72747a2486c5b0e74d8199a52716ad778099673636b96661ab4f11222a6ec03aee20e6ee4bc052bb54fc6a8d07fee7cf77e07ffa7403fe6aee56fc72ad3516d9eb685b6e21e9e830629b071042f3ef4f47e14732acf3af5145c53987d75f768b00de44c289313870cc21f5cfd4df836aee2080e7c9383da4ac904948f92d78e55e42c2c17eec4d6c47fee5df614bd41144f1fd76fd1104d63e8453760724d5ad928ea962e2c5162e94d6c023fb023c53cea2e9da1f99e21db0a46d71278092ce1bfdcbf1bf2db4c5fff2e94efcefb376e13f32adfe7ad6762cdec52a5bd2813c9ad794a2338860519174d49159d9acba72dbb23e4e8fc6a44434261b509598a096f0abd352d9b2252227290b8eb43e16ce21882b3e823d014558ef9e0bf7cc53483edca3ae6d7d402d35fa0836fa54638d632ee66c8b602abbe23f2fb2c1475b82f1e14e3dd605b5e0438b6cac0d6cc2faa006241d1fc16efd6198c51e6257b59fd5f82174cd6422656bb79e7df4897144b17acb36fbdc2b0431ed334e4fc1c435fd145baf83c83a35c16a7a1c86a313144f9a4a7abe307ec1b588852155aad4795892992eb9178c0c2bbc0e53af0a6cf3ae4212ad4d54f563c5cc9dec8905f08d8155f87cb70e7fb3c81e7fbbd801bf5ae688393b43b0da2e191b5d73e01c7b04c1d4cbdc923644b3778d0f8d47616cb2ba1fdc94188fe339593898918a43d99938909589baac1c14a66423263a1536ae61882d688507fb6bf3f02accb732c036e5385bc95bf029bd851d5187e19a7b83bef4267cb2ae528b2fc33cb016ff65891b563864c33af114b645b56196433975fb1e76c41e851dbd6ef8fe4e12e02aacd24ed2e35e3266193b2ddf923b28baf40333f13e221bbbe159788b63bc442caec0c4bff43accf50791746c903bdea2b91c64357aa63e34106da172103b09bf2a6a65c51d7892d62ef4766ef9d75405764aa5c5319c4440e93d7522d14639a9f4c81b02aa31db22095f5a24c2d4b3185f98c56295530e563be7aa0ec1835a199ade025d6a2d62e20a60d065203fc6a01e2a3a9a69fc89bf3c33d892938d9aec6264261561af2d2b70562b42f34fd0b49f84137bf255dea5082363fc984da2c516096d2c721769f269f6b3292b19975808afe2d35d0958ef5787f88343d81dd38ecd118710ded40d0b5e7f58e373beee525b3f9a6eebb40e8492180e043f827f2bb8f43dacd8d74bea4bf6e96489aca50b26b1076920e9f3649b78a49f56e42672cebd60753da8cc67f4812ec4b4f420fef0106228b6e2a1bc4aefc08900aff6ada6a83ec25aef6a44d47762ad6f0ddc596cc43f3a665d54dba04afa2f8663da79ac216357bb17c32ca2099e1967114dc6b8b0d0182a3a9051dc0e5d4c3e2ab22ad54f119a335270342f05ed2579a849cb40494619fcfdd31092d084e0cc93aabd0c28a32f2553cc698a65d264714358639fc15e9dba269329a65f568802cb1f62a54725d6f93522ae65184e192441de7595965279dd8b6e22aab917311c671009e4cdfddd8b5914134f22a96d92cdc4d79c98e3c838c9a2daf88499da472dbc0993f8833d8866f1b0496a43e2a13eb59e577dfb4fd897c0192ebe093f56a26056a49cb35f21f7fc2ba6691f2239537271f6ac62dbc25b60977c16f6a9e7c9b84656aaaf14c5a39a7ad4d631f392da4f1619acc80cfba453d8e45f8dc5b659300b6d60db7403d1c557a0a3e529afbd8cfcac3a946516a396a9db5c94833aa67269561e42829310acab400c5d4224d3d4527f82bef4869a2433ca81006860a71158c581731265ebc3890eae96c18e21aaa11b6b7d6a096235928f4e2a00f7c49e50dfb7648fefc0949442218c0cac7942825c85597c1bb6b24a67757c8b94b6091ef72a53f93b45b8c423bd24dd7356e19a0728bdf21d4df105343dfc27ecd11d46eab15195cea26911f54f5538659e37f693649c80a1dbdfa352d6aff4ae6aef528f4fc282265b2e6ab14b090bce190afa6da519e1f5cf9176620af64c0b1702ba23743fd67b55623325e0b39d0658841d4050fa1984271f4669152d546a39b2d3725156401b955580f0c86444275423a9e40276fb566257c8414e5633d6061c407843a75a0dcabbf00df4077bd5e486d43e6151185352e457761fb91daf9174648c5dd301460b53788496e6a49a60015852581c840018ddd2cf34ee82ab4c78ea39ac60210a62d7e24c0722b6adf8f2f7d8a5e3310ef52a5b6362164d1f44da6e0ca036b4f4615fdc71056064dd53ec8e6a850d0feec40aebc6190a67fac61ee85366daaf98e59cfe517466232b5948d5130558183da15de645b8f1efee2c46fefc7bece1613afa2984d53c43543d0748eb20abd67ab2629d5f3d3c994ab376c4d10c57a3bc85c528ed0012a88b9e0189f0084882bd6f2ad2abaf218f92e291c90e27ff2efcabbbb02bee14722f7e87cd9107789e871cf4757832154566641bca31c41f1a46e6e9af517ee31fb137e134d607ee47def91f38b1bd6cd79e9149a36c552fc096591250fd08fa4343f0a3e4b815de54002e679194f7924541fcbcf0e26bd8b2e91099138b67621e730445175e2ba0f298e741a4b4372fa4f0fcb704ab47f9bf40a6ab352d8eec13544e134da00239b3c2c0fa7bffa2d234f6e0203c0a6e620b7de1fa90fdca1e3850c0c5a88735f6c0bffc113b9bab4cbb5bd81579183bc38f28f057fad6291f3a7b5f06cc821b31770bbb9586fb084f3b0c1bff5c78e9eb1055d08118da09e7940ed8a55c824dc6353815de8169580b52cfbca4ed6a56fa9c48d66976434f1b262c4c6b7fa1e424a2a14781679ddcc1aee235ecd32fa905e0a463e3aaa27a523343c9e684634c77ca940028216309ae7b06dbb473aa9864f37cee6c030b2f7da36a86c9be8476e49efb065686536cc1ee219c3bef8a3e8cfcf3af55ba3a665c509f39a49fc70e8223fbefa53658c49dc0d6b066959a2bbdaae0947559698563ce35a6012b7ac52376372c24154fd91a8e92815f2b1063f60f9141b7115edbc38b67dab3b2c591f11b83f723f7e45730752dc57ad7422cdc13a7eea7b8279f50052794df7548bb4223db0333c37964d05698514feb9ffedfaa000880f14747a0237079ac9805577e8f08ca8cb02780162ba8ea29967b54b16f3f44568e924517e0c35ed835f71ab633d3643158b453f61516da70bc92c61202e826ca8ec885ba6dc136affcfa1f545d30591f50af725b74cd953a90747414eb02eb55b188260363a90909478611777000fe1546d6d9d0bac8fae0328f3252f95b6c8f3ca4aa55ce85ef609f75052ef93769032e5084d963a75d866dfa1544ef1fe40553d88b1ec032e19c310dcb9f602b35379e02bd29bc9593f1120ea91d586095893d34b38696e7086365b532b4c33c4e8ec5eb6bff06dbf4a7907df907ac0caa432c6dc516b99dc0b4f5ab7cc0c9eb53af75bcdeb8232364e53832cebe621a7f034bc3596a743b524ebca02e7723fde44b241c1e51e3949417e60a038bd818441e60cbca62225646aab0388e001e5fea8245dc31a4b74fa8743611bf27026a200b440764eb428f17c30b111f18cb9995d9d5b1c4cb85c989cc99cee9a75ed047b520e5e40bc5ba2d4ccb8cb3df92ee74ef649f072d801df54ad2d88b0634a289c721130548e76c56cf52d1a771b68d3c67db0becd0b551ecbfc796d00358ea92cfcfd93e555f27c8d7d5729af8b2ddf1a79172eab5d2bef23bff8c7d9cc8dac7ffaa9afed0269af9837dd073b24b6efd09a9a75e2ae0843d9e9cf45836061b425ba86be79176fa1576c5b6298d13160a21642d403454408b691d545bfbac4baa1a4b51594779b112e214de500e441c8974232691447f0fed85e8c73ea653308557161c8358c96436252d92c810f95c5e8bffdb977a06c5d7ff88dd4c63d1b750160301b1fafebf12f4295538e4bd336d868400e948d0fc2b9f21ae95bd65c65544350eb1e0f4a8fdd48074c755b5948c905b048947bb507efb1bb474fd333dd9759825b611b876e45cfc03d6505f33a9d19be955235b7a619f73093e95f7e15c708daf2f2b1f279553c053054c81f9ad026d7d48335936c131f6b1ea76a90223192838880f94f4359c984036254cd827fa97dc3ea5c69d4ad248360aa9e20f0fb0f53d01135d6b2f76e80f2980c40bc98e029c55fa3935a35e2c2a7e529df845d9ba7006b6b0f01412c08d4c3b01477f6844a5703cd35f1899477d12fd71cebb86bd49a7e9b3ceaa8b17567a973e829d5a0abb4d273f849dec336582367086e339f32bdd4be9d14e339d1ef038e368edf9177643d7d4ca88a47bfee53fa8892bbafe3d2c928e23f9d414bc292d2114780ffa3e792d2da8f4f21272cda2b181b5b43bcc12d7825bbcc6af94cc6c8b3eaa3452fc9e7bd12d5534647f894862e0cbca2ec794f7a6214df06706aee7d62cfe0427e46b95a926e29fb646b72843296dcc5e0ab38069cf4ec2b5880c22ad7d98fb8164a613bf60c592bf9d5647cfeab53dae4d55dbf8a3e3eae432d302a06cc59086b03bb165111270f7269d559ae84387ef452ddc197d425548a9a0028639fb51f19652e965f527b6e519f58999504350ca6f2a46090032393280ca3bbf27230f22fef828dcc820014e263b8099134ae710cb6c492663043cd9a692e5ab69f42d0c67d4f54ad6c83509db24555da8e9de2ca202be7423b215f0ec48aa94d32fd5f10f74434db8546caded3391fb1ed2fac8bd5d31a2d2478ab792764d282d3a21214db71d0b844d365338fd02829bfa604b5b22cc12e6892915c32c463691172f1a2aa22c2d955800a976fbd8c40bd052a537861da40cfc1d3684d5a3f8c6770a40b95d201e3189c22e1d5244c363d59a49658c6a1e50c639ebfcf7b0c93c879c4b2fe05e7289000ec35dba22594a13b610c0109e379e244824b31368f065612499ac5b49cf69cb8c91bf05337df7269f43e1d53f5046ae289208684214c9b6587edf9fafbdc9c2708e6547ec313511b3ec73b1842da9a17d52854926ff27ed9af8bc58eac986c006d5388be7116329d496764652554e28205ad1f779553e8175fa65eae72955b1c4408b204b0b25fe4b5a1fd10b319f52ddc52b4aefb9537f4c553a293a02e036dd4182f235ab6c1bacc90eb951557dedefa1e760c26b1f522b3b917c7c0201559dd4be034a03cd78add997be866ff52d184e4f2190f6c28ed2e3c86c919b4641bc76616038752dac89fd2d2526921360ca4ec485292c7ff3a34efbb0d88946ee4b3ea3d255b453d81b4d8dd393b991dcfaf0fa2536b1d28bee8a8c98334b655f910813f7acf308adbe0f4b221ccd0bd9440b2340cae2802c200828928232606bfa3a73c3399efc19026aba795143cab608fb426a9ec226854ca5460a8851fb9fabbb78a9ede394873bcaac8ae3dfc5f3a49c9c5240a69f11f9388a58a9c6f11db04aec400ad3ab8c1318b7ff19c26aef4277e0a9aa78b2af19ed4ff99dff0b5634d206f6dc02988e93248c13f639d3210880c2c80412238e2e42c00a67c1d0716204404b5661615f1ccf2359252c75e4044bba0afbc452a5757c83b0961e0435752a16ba5022d6d207a613c09dccd07dacd8d9cc5201d144eef94adbb69dfda8741ebb88b47422b26cef4df6093802a2305084d7864df8be14f6a4f1679596898e04b0b52bb9fa47f8965243c8c4e8fdbd0afc3c763845577e471027d53ed2970a9b65d17653780b19f82798063623b4a697297c96fef00c520f8f21a9b50fe9c7e9e30e3ca6f17e8afc0b5f2b166ea76e165cfe076adf19649cfb1e0eace0628164208eb9d75505160d14dd16edd31d1a5472114e1093b8df3a02281a1c54d385d0fa5ec540494bd1502910f21d2946a967be52d53d829e4fe93f89b58bba5b74e3efb026a881b5e1269dc357ea568889f48da257d26d24b01df3663b26ed5a0cdb1f790a411603f6269c541e4a66d021eb3adc0aeec335ff811a8c7be13d650de2d8ac8baeadf66f20bb4e302dce29c0a51fd61d1c52b6415e2ff1a86491f95a19e7c24b7f20fb3b09d64bd523bbd07ca78be8b3fa67b78d20f3f8109209423cbf9b4b06ee6416945cfe3b6ce1f9a465b3a5e9166d8c91fbd3b9b794650aa9e9547e32f6e030629a07d536ae956699fe73b54f0327f229b5f61e336c4059ab74da1b298ee2f5649264e5460cb614427112a2bf592482149f0a7a4fb96ee964f40706517deb9f61224bf6366c95a488c8626a1467d38b078ce04cca2a4c280da5184cb12416649b9cd43e93c639f428455ed6c41ed3b79d45e5ad7f64cfd9c77ef8b69a65f9bbccbc5c7ce6b9d764e8dfabf766fa3694dcf87bd5fac9c53a30a56485c69fb3ba25b0169e39acfeb29e476f97d0cc6e81dd4436d993d3fe15cc638ea39c4c97f6b2e6ce3fa8ce488a80783cb9b723ada2f4bcb2705178e107054802c1d51d184058cd73acf16d24a0a3f02a7c48728c2a4b95c089907b1eb218211d89e8b7340db2922355567cb1802b5d8d5469b16531cdfd04b01fbeb4652672cbce3efb1c07d6aaee8d46d43dc29e9856b864d199e75ee0c5529bd24e935d079417f3656a8b7792a6bcf6deffa95a3de98db3486959b474cab8a400b5250385216e4c335964d0113ca9cab28a2d8c975e3a9a5647427a6e591172e07902cb6f23b6b9132987fb38f85e6e8790415d92ca2cbdb7f4e8e64ca7b4934c695ea72c41490a4b21100f2b0b020286acc448e724207b14df560b0a9245e2593d8aee23bcb15fa57fcae917d4be47acc09daccec3ec74265451137f1cd9dc45ad7fa0d2597f6408db620e2bfd969e582b9026d107593de586b8e128b5ee2a6a6eff015e059710c73e54ee0dcbe2e13ec371ac0ba967253a402dbca05ab84d21d44ca6bc78b76d14d8c2f3dfa9db9bb2fa2c0b0f624944434398025290d2e9e60bd82b3bd0a04b5190c5da28ce6c18fd9db46f526df7251e83a97f25b7471498c1d5f7a0230ba43f977b1272d3abface3f29af9ac3b492cc486c1b47f9dd7f5460095b0484d25b7f44f68557b42ee3ec28be256883ca93aee375e65cfc1d82d86eee493c4d4b7609cec5d7b03dfe109c0b9905b5f758709eb2df1e51cfcbf857df25696eb29a3f47def51fb02dee3035961a4ac0a513118b65927462005629c749ef52f5844154c3236cf02d4748d51d32b043ad7dd9a69d52375c2462c908e999378736ab825175eb1f947e96329564a099d40e5988f0afb8ab1e3ef228bcc6fe99d59269210b9de2337d687865f543ee310833e4fe852c99cb92bc5d3a6522eb1ce2a883f23c4e226d864c54f6d96f58049a08c8f7d843b32d3e4f5a38cf32e914ee6377c2313558b9ad1ad942ff59714f7d260542ccb0d8afe5fef5b438ddcac74651c774b45349675fc2bdfc168bc904d2cfbd44c9cd3f10e46f9077f935193aaa1e0511907d6b1f607de47ed813939433e30a607972c124a57d885a70558125f7189aeefd0961957790c41dbc0aaea8670185818b5c0a542a4bd32d6e5c9ed092556731ce6bfc6a9475919e529684e48693dce294674ef619da78f11d2ad5c4980b6bc269e9230450b2a2f6debfaaa525752b803a2829b73daa05db229bd5b1043c29068934bfcbbd6b90282b36948578f6b3623f746c04329972724f5b062bacabb8f7df54af2e55532a71142bb1ecbf95d75cfdf8ff41407d3776279dc32eea994be92d32f008fbfb53702dbcaa1edb8ba50b905b041e2537d483479e656cff4e4faa893165260a43e5210405a03cdee545843704d5c09c3d71083d9b63ca29883f94d569594a125608834457dcf36f284b225ab72da2559573593b13332da634815554161d0430690585ad2e85b445fcaeb4486201c2782c2f761c6b83f62b819765f64856616b0ec8955d816c054c117229084597ff88a6a750c5abe4fa3f2bfb947de1f7cadf49ea26d32649c723da27ab44b294a5d6fa689ac56679943c60bfdf8e65de75f48cfd6a392caa95feb496a979ed0feae903594091022252d3f0e05f94dc483320ba2d3daf3415d29dada54f9627d6e4f6a955f249da98ea3b4cc5fb58e35d82c092ebd8c762b2338c5e27ed2c9cd328ccacd00115b711d9f04cdd9d93b64cd60245eb44d465214058250b99b14706383b634a7cf587fbe9b36ea959dc93785ccda25ca83c32e149a31bca8ab737e50c52c80c59a12ee878ad8cbc3301f7e6843a677728bd940223562ae3d42b6c096ba545f91dfbe863ac8c3daac5b4493daddc823daf57163a6571b8f2e69f5079e31f54b5145b232b3e6243a493923b6dfb523aa86f9dca96c92a8cac05b8520e24e4f6a73802f1c4a19c107912c3398bf68a4d414adb185cb22f627b44336aeffc3d3ba71330896cb803b3980638a61e25784dd8165489d8c687d8c1ad772eed44fe056ada53f6b9f7d98a75b0a89025acda52297747f3021a9fb02ab150343d4234f7cb3ecb8a79ac8f76e20135eddaf4774ec122be9545e10ead42a75adf93c9d8ad3ba49ed193c5d3e28e17eabca195371054761581a55768372eb27ad34e51b4e5b683ec9f729cfe2fe534b7a3aac878165c40ce597615f9e7956ecb93a8a92c24896cc3e49e8e79cc310ef8a062b5e8af304a24a5f2ee7f53525171f3074e08b5f5e408740df2f0103ba982cb2a42cb6f228085d532ae9564a925696e5293bbe9200e42dff4180e2904d0afe4343605e573c733d81a900fdf9c76f864b7c123fd287cf34e22b8ec228df5456ad1031aea2656cff330d735c0d0cad62df1a01a6c50196729fd3802cb2e20b6e92eb2dad8e6d55ce3dfcfc12df318e5e0386c12f67376598caa6fc03dfb34e29b9f11b806545d7e092b5d3d520f3e42c6d127486ab907978c43f029e075e49f62569c875fd179a41ca1f8c736ab679d9dd3db9074e839a2ea6e23acfa2a6d4e17f73dad5ee750d3b3daa99bf5ec92f42db0d0b5c023ef02dbc4a3949ff334c9c3d811d588ccd3a358e69183c4234f609f7210f927fb9171a413191c57ced12ea436d32336de554ff6ebeb6eb1b5bca7c6165e75157ba26a104c1c020acec2644f4c01b606a5614f443e7685e6604760262c220ab03d20136661f9d81753ce0ba9805d523d35b21c5b43f3b0d13f13d60935d81e9ccbef14c13ea11e7bc24b601553815dc139b08fafc45e7ed74e5f825dfe19b00c2fc01eee6b115a08fb981a980516c13be338b6fae6c23db909db7dd338692df0cc68845b6a1d760467c02b7b3f7685e5c23caa0866512570cb3a84cd81b9f0cc3d8e5d11c6f7124e69fb996aa7e1917590c037c323f3889a00dbf82658c535d298b7518a0e13c85aacf6cc846bd631762499948823d815550af79c168eb18484d90f27432d9c62abe09376006e89757088ad846544119c93eae09b7b0836b1157048ac81a5ae148edcd73bfb20fe5f6391ab5ec83510a30000000049454e44ae426082),
(2, 'Mr.Ksitij', 'asdfasdfasdf@gmail.com', 'de786632264b9f3a79a7ec15c2460dd079554f0b0ad377cb8408edeb26947eec', ''),
(3, 'Mrs.Pooja', 'esdfgdgff@gmail.com', 'de786632264b9f3a79a7ec15c2460dd079554f0b0ad377cb8408edeb26947eec', ''),
(4, 'Mrs.Preeti', 'ebenadfgsadezerv99@gmail.com', 'de786632264b9f3a79a7ec15c2460dd079554f0b0ad377cb8408edeb26947eec', ''),
(5, 'Ms.Krishna', 'ebefgndneasdfvzerv99@gmail.com', 'de786632264b9f3a79a7ec15c2460dd079554f0b0ad377cb8408edeb26947eec', ''),
(6, 'Mrs.Mitali', 'ebfweneeaszdvzerv99@gmail.com', 'de786632264b9f3a79a7ec15c2460dd079554f0b0ad377cb8408edeb26947eec', ''),
(7, 'Mrs.Heta', 'ebedtenezexcvrv99@gmail.com', 'de786632264b9f3a79a7ec15c2460dd079554f0b0ad377cb8408edeb26947eec', ''),
(8, 'Mrs.Meghna', 'ebeasdfnerdeasdfczerv99@gmail.com', 'de786632264b9f3a79a7ec15c2460dd079554f0b0ad377cb8408edeb26947eec', ''),
(9, 'Mr.Tejas', 'ebenezerasdfcv99@gmail.com', 'de786632264b9f3a79a7ec15c2460dd079554f0b0ad377cb8408edeb26947eec', ''),
(10, 'Mrs.Hetal', 'ebenezxcfzerv99@gmail.com', 'de786632264b9f3a79a7ec15c2460dd079554f0b0ad377cb8408edeb26947eec', ''),
(11, 'Ms.Divya', 'ebendezdfcsdferv99@gmail.com', 'de786632264b9f3a79a7ec15c2460dd079554f0b0ad377cb8408edeb26947eec', ''),
(12, 'Ms.Riya', 'ebenezsdrerv99@gmail.com', 'de786632264b9f3a79a7ec15c2460dd079554f0b0ad377cb8408edeb26947eec', ''),
(13, 'Ms.Ankita', 'ebeasdfnqwerdezerv99@gmail.com', 'de786632264b9f3a79a7ec15c2460dd079554f0b0ad377cb8408edeb26947eec', '');

-- --------------------------------------------------------

--
-- Table structure for table `facultyfingerprint`
--

DROP TABLE IF EXISTS `facultyfingerprint`;
CREATE TABLE IF NOT EXISTS `facultyfingerprint` (
  `facultyID` int(3) NOT NULL,
  `templateID` tinyint(1) NOT NULL,
  `template` blob,
  PRIMARY KEY (`facultyID`,`templateID`),
  KEY `facultyID_2` (`facultyID`,`templateID`)
) ENGINE=InnoDB DEFAULT CHARSET=latin1;

-- --------------------------------------------------------

--
-- Table structure for table `facultysubject`
--

DROP TABLE IF EXISTS `facultysubject`;
CREATE TABLE IF NOT EXISTS `facultysubject` (
  `facultyID` int(3) NOT NULL,
  `subjectID` varchar(7) NOT NULL,
  PRIMARY KEY (`facultyID`,`subjectID`),
  KEY `subjectID` (`subjectID`)
) ENGINE=InnoDB DEFAULT CHARSET=latin1;

--
-- Dumping data for table `facultysubject`
--

INSERT INTO `facultysubject` (`facultyID`, `subjectID`) VALUES
(1, 'BCA1538');

-- --------------------------------------------------------

--
-- Table structure for table `facultytimetable`
--

DROP TABLE IF EXISTS `facultytimetable`;
CREATE TABLE IF NOT EXISTS `facultytimetable` (
  `scheduleID` int(4) NOT NULL,
  `facultyID` int(3) NOT NULL,
  PRIMARY KEY (`scheduleID`,`facultyID`),
  KEY `scheduleID` (`scheduleID`,`facultyID`),
  KEY `facultyID` (`facultyID`)
) ENGINE=InnoDB DEFAULT CHARSET=latin1;

--
-- Dumping data for table `facultytimetable`
--

INSERT INTO `facultytimetable` (`scheduleID`, `facultyID`) VALUES
(4, 2),
(5, 3),
(2, 4),
(8, 5),
(6, 6),
(1, 11),
(3, 12),
(7, 13);

-- --------------------------------------------------------

--
-- Table structure for table `lab`
--

DROP TABLE IF EXISTS `lab`;
CREATE TABLE IF NOT EXISTS `lab` (
  `labID` tinyint(1) NOT NULL,
  `name` varchar(5) NOT NULL,
  PRIMARY KEY (`labID`)
) ENGINE=InnoDB DEFAULT CHARSET=latin1;

--
-- Dumping data for table `lab`
--

INSERT INTO `lab` (`labID`, `name`) VALUES
(1, 'Lab 1'),
(2, 'Lab 2'),
(3, 'Lab 3');

-- --------------------------------------------------------

--
-- Table structure for table `log`
--

DROP TABLE IF EXISTS `log`;
CREATE TABLE IF NOT EXISTS `log` (
  `logID` int(4) NOT NULL AUTO_INCREMENT,
  `logTypeID` tinyint(1) NOT NULL,
  `dateID` int(3) NOT NULL,
  `timeID` int(5) NOT NULL,
  `comments` varchar(200) NOT NULL,
  PRIMARY KEY (`logID`),
  KEY `dateID` (`dateID`,`timeID`),
  KEY `logTypeID` (`logTypeID`),
  KEY `timeID` (`timeID`)
) ENGINE=InnoDB AUTO_INCREMENT=2 DEFAULT CHARSET=latin1;

--
-- Dumping data for table `log`
--

INSERT INTO `log` (`logID`, `logTypeID`, `dateID`, `timeID`, `comments`) VALUES
(1, 1, 1, 1, '2017033800107501-1 enroll');

-- --------------------------------------------------------

--
-- Table structure for table `logtype`
--

DROP TABLE IF EXISTS `logtype`;
CREATE TABLE IF NOT EXISTS `logtype` (
  `logTypeID` tinyint(1) NOT NULL,
  `logType` varchar(25) NOT NULL,
  PRIMARY KEY (`logTypeID`)
) ENGINE=InnoDB DEFAULT CHARSET=latin1;

--
-- Dumping data for table `logtype`
--

INSERT INTO `logtype` (`logTypeID`, `logType`) VALUES
(1, 'Fingerprint'),
(2, 'Manual Attendance');

-- --------------------------------------------------------

--
-- Table structure for table `otp`
--

DROP TABLE IF EXISTS `otp`;
CREATE TABLE IF NOT EXISTS `otp` (
  `OTPID` int(4) NOT NULL AUTO_INCREMENT,
  `email` varchar(50) NOT NULL,
  `OTP` varchar(256) NOT NULL,
  PRIMARY KEY (`OTPID`),
  KEY `PRN` (`email`)
) ENGINE=InnoDB AUTO_INCREMENT=17 DEFAULT CHARSET=latin1;

--
-- Dumping data for table `otp`
--

INSERT INTO `otp` (`OTPID`, `email`, `OTP`) VALUES
(16, 'ebenezerv99@gmail.com', '25d7efe2a4fab1a7fe31065a9ccb1b204f65b03996249d969be6c2eddd0ba3d4');

-- --------------------------------------------------------

--
-- Table structure for table `rollcall`
--

DROP TABLE IF EXISTS `rollcall`;
CREATE TABLE IF NOT EXISTS `rollcall` (
  `classID` tinyint(1) NOT NULL,
  `rollNo` varchar(3) NOT NULL,
  `PRN` bigint(16) NOT NULL,
  PRIMARY KEY (`classID`,`rollNo`),
  KEY `PRN` (`PRN`),
  KEY `classID` (`classID`),
  KEY `classID_2` (`classID`,`rollNo`) USING BTREE
) ENGINE=InnoDB DEFAULT CHARSET=latin1;

--
-- Dumping data for table `rollcall`
--

INSERT INTO `rollcall` (`classID`, `rollNo`, `PRN`) VALUES
(3, '59', 2017033800104054),
(3, '56', 2017033800104062),
(3, '38', 2017033800104104),
(3, '12', 2017033800104112),
(3, '54', 2017033800104135),
(3, '21', 2017033800104166),
(3, '30', 2017033800104174),
(3, '58', 2017033800104182),
(3, '40', 2017033800104197),
(3, '50', 2017033800104224),
(3, '41', 2017033800104255),
(3, '14', 2017033800104263),
(3, '26', 2017033800104286),
(3, '34', 2017033800104305),
(3, '15', 2017033800104313),
(3, '20', 2017033800104344),
(3, '44', 2017033800104352),
(3, '36', 2017033800104367),
(3, '55', 2017033800104402),
(3, '16', 2017033800104417),
(3, '8', 2017033800104425),
(3, '42', 2017033800104487),
(3, '3', 2017033800104495),
(3, '7', 2017033800104506),
(3, '39', 2017033800104522),
(3, '29', 2017033800104537),
(3, '43', 2017033800104545),
(3, '4', 2017033800104576),
(3, '45', 2017033800104584),
(3, '2', 2017033800104592),
(3, '60', 2017033800104603),
(3, '18', 2017033800104634),
(3, '33', 2017033800104762),
(3, '1', 2017033800104777),
(3, '52', 2017033800105974),
(3, '28', 2017033800106022),
(3, '10', 2017033800106045),
(3, '9', 2017033800106084),
(3, '23', 2017033800106111),
(3, '17', 2017033800106126),
(3, '19', 2017033800106142),
(3, '46', 2017033800106157),
(3, '48', 2017033800106215),
(3, '47', 2017033800106246),
(3, '49', 2017033800106254),
(3, '22', 2017033800106262),
(3, '32', 2017033800106285),
(3, '27', 2017033800106293),
(3, '53', 2017033800106335),
(3, '51', 2017033800106366),
(3, '11', 2017033800106382),
(3, '5', 2017033800106397),
(3, '24', 2017033800106416),
(3, '25', 2017033800107412),
(3, '35', 2017033800107435),
(3, '31', 2017033800107497),
(3, '57', 2017033800107555);

-- --------------------------------------------------------

--
-- Table structure for table `slot`
--

DROP TABLE IF EXISTS `slot`;
CREATE TABLE IF NOT EXISTS `slot` (
  `slotID` tinyint(1) NOT NULL,
  `startTime` time NOT NULL,
  `endTime` time NOT NULL,
  PRIMARY KEY (`slotID`)
) ENGINE=InnoDB DEFAULT CHARSET=latin1;

--
-- Dumping data for table `slot`
--

INSERT INTO `slot` (`slotID`, `startTime`, `endTime`) VALUES
(1, '08:00:00', '10:00:00'),
(2, '10:30:00', '12:00:00'),
(3, '13:00:00', '15:00:00'),
(4, '15:00:00', '17:00:00'),
(5, '17:30:00', '19:30:00');

-- --------------------------------------------------------

--
-- Table structure for table `student`
--

DROP TABLE IF EXISTS `student`;
CREATE TABLE IF NOT EXISTS `student` (
  `PRN` bigint(16) NOT NULL,
  `name` varchar(120) NOT NULL,
  `photo_id` varchar(12) NOT NULL,
  `email` varchar(50) NOT NULL,
  `password` varchar(256) NOT NULL,
  `photo` blob,
  PRIMARY KEY (`PRN`)
) ENGINE=InnoDB DEFAULT CHARSET=latin1;

--
-- Dumping data for table `student`
--

INSERT INTO `student` (`PRN`, `name`, `photo_id`, `email`, `password`, `photo`) VALUES
(2017033800104054, 'Shyam chhatbar', 'D17CJ0051015', 'shyamchhatbar000@gmail.com', '5e884898da28047151d0e56f8dc6292773603d0d6aabbdd62a11ef721d1542d8', NULL),
(2017033800104062, 'shinde Vishal Ramesh ', 'D17CJ0591136', 'shindevishal368@gmail.com', '5e884898da28047151d0e56f8dc6292773603d0d6aabbdd62a11ef721d1542d8', NULL),
(2017033800104077, 'Pruthvin Jhaveri', 'D17CJ0005326', 'pruthvinjhaveri@gmail.com', '835f904ed027240a3d4887e931ec69fb0b4b06a2fc8a1ef408b8864b59b5d587', 0xffd8ffe000104a46494600010100000100010000ffdb004300030202020202030202020303030304060404040404080606050609080a0a090809090a0c0f0c0a0b0e0b09090d110d0e0f101011100a0c12131210130f101010ffdb00430103030304030408040408100b090b1010101010101010101010101010101010101010101010101010101010101010101010101010101010101010101010101010ffc0001108006b005003012200021101031101ffc4001f0000010501010101010100000000000000000102030405060708090a0bffc400b5100002010303020403050504040000017d01020300041105122131410613516107227114328191a1082342b1c11552d1f02433627282090a161718191a25262728292a3435363738393a434445464748494a535455565758595a636465666768696a737475767778797a838485868788898a92939495969798999aa2a3a4a5a6a7a8a9aab2b3b4b5b6b7b8b9bac2c3c4c5c6c7c8c9cad2d3d4d5d6d7d8d9dae1e2e3e4e5e6e7e8e9eaf1f2f3f4f5f6f7f8f9faffc4001f0100030101010101010101010000000000000102030405060708090a0bffc400b51100020102040403040705040400010277000102031104052131061241510761711322328108144291a1b1c109233352f0156272d10a162434e125f11718191a262728292a35363738393a434445464748494a535455565758595a636465666768696a737475767778797a82838485868788898a92939495969798999aa2a3a4a5a6a7a8a9aab2b3b4b5b6b7b8b9bac2c3c4c5c6c7c8c9cad2d3d4d5d6d7d8d9dae2e3e4e5e6e7e8e9eaf2f3f4f5f6f7f8f9faffda000c03010002110311003f00fbd8b64120020fa9c914e56c0c939fc7a5567906ece38e78c5472dd450a3cb24a156305998f01401926b44d44e5d12d0b32cc891ef760aaa39627181ef5e27f11bf6b2f84fe02592d20d506b7a9464a9b7b160c030fef39e3b76cd7cadfb4bfed15ae7c41f105c7867c35acdc41e1d824d9e4c2de5acec0e3736396fc78f6ef5e051c32dcdc2c36565717521e0ac71963d7d87bd7154ae92d744690a7cfa5aecfa935ffdbd3c7735cabf87bc31a559c0780b39799bbf390475ff003d69ba5fede1f1220999b53f0ae8f751123e48c3c6dd7d72793fe7ad7ce0da1f89761f2fc39a82150060da383eddaae5bf813e256a71a4b69e19d5248d0f0cb6ee07af3c560f154baccd1e1ea6ca27dafe0cfdb63e1eeba21b6f14691a868b248bcca0f9b106e39e3903af6af6ed0fc5de14f15e9c9aaf8735fb4beb67e3743286e7d08ea0fb1afca5d434af18e8b29b6d4747bfb72a4fdf8581eddeac787fc75e22f0e6a90dee9f773da5cc5273fbc65dc0766c1191574ebb7f034d112a4e1f1ab1facdb14920a0c67d318a4240c004ff004af29f809f13a7f881e058efae64124d6ae96bb89c966c0c8fc39e7d2bd5970cacc7d79aec84f9d5d18c959d997e7c804138c77cf35e43fb4ff89f52f0c7c16d6eef4db9304d398ad0489c30576c360fd075af5a95b049e00f7eb5f29fedefad3d9f827c3fa4c52327dab51792400f0c12338cfaf2411535760da48f997e11fc31bdf88de227334cd0d95b9ccf22fde6623381e84d7da7e03f01f87bc23a7ada687a6416c8092ceaa3739cf258f526be7bfd9ab5a8345f05ddea5258dcdccd7178e8b1db4264958a2a8278e9c93d6bd73fe179e8ba2b4706a7e0df12db46c70d2c96b841ebfcc57c2e655ead7aee17d1743ecb2fa34e8d1526b57d4f5b5b78011208d59946376391f8d45345095c38033dc2d50d0bc61e1ff125aacda6caca8f83b5f82bc6791f88a83c47e2ff000e7862d24bbd4a7959500cac4bbdb938e95e7b517a33baefb14b59d234dbef92eece39571c6e515f367ed17f08749b4b4ff849f478442e7e5755e00c9ff22bd923f8c7a3eb2c62d1fc27e20b800f0ff652aa79f53581f15afed7c43e07d52c2e2c6e6ce45b732a473c7b5f2a41e08e0f4c71eb5b50a93a1563283b115e10c4526ac7957ecc9f1c6e3e1fead0f85f5610be99773050ec199919881c1cf4fa63df35f7c58ddc57d691ddc2eac93207520e43291918afc8df0dd8dd6b5e21d3f47b17027bfbd82da1f988f9e4915579ec324735fad7a3e9f0e91a369fa4c3811d95b456ca7be1102e4fe55fa0516f9753e1aaa49ea6a6550b1dcd8cf4af27fda33c236de2ff0002268ed64971e75ea03238dcf086fbcc84e769f7f4e062bd59b2c0e58609c11587e30b56bef0e5d2c685de35f3001c1e3fae2a31ce7f57972bd6da1ae15a5888f3ed73e42f811e19d50fc2fb8d3745d41a176d4af63866dbd42c8501fa7cb8ad3bef811e26d46780eb5e23bcbc8321a78a4b489964c3b1c063c8182073b8f1d79aed3e1ce9f6be08d42fb46591bc9babd96fe2c8e10cb86755f41b893ff02af5792f2cde32044a5c7230067fcf15f09526dcdcdbdcfb18c1460a9ad91e57f0ff00e1d7fc233aa450417184284c8bb70878f9485c9c1c7a71517c41f044baeea8d0cc59d06d0b1ee210a8fbdd39c919fc71d718ae834ef1f5ae91ae5c43abe817d0c51b13f6970195cf6db8ed504de3cd2f57d5536e89a9c0cf26d82668818dc1cfbf03ea2b9bd9a96a762736ecd687975afc2ff8876d3cf168de25b982050df658161540a4b839774dacc02e5782bc904e71cf57e26d0fc452782f50d2756b95b8bb7b19115cf77d871fa8af5c8bec5e429002b81d3d2bcc3e2fea9733e873e89a55c886ff005422ce2936f2a1880c47b85dd8f7c56c9de4a5d8e7e8e0ba9f3d7ecfbf0820d50697f10b5f5b9786cf58b39238219044184732bb33fca77038c6063bf35fa1caca62568ce558647f315e01f097c13a7e8c961e1eb1b222dd238e4b8049f9b690496cf7246303d6bde44aa17800606063b0afadca6756bf34e7b743e6335a54a8b8d382d7a974313c01d0f5a917691b5f0474c1e411559a5249000ce38a54987cbb94fa66bdd9a563c9dddee799fc57f05625b4f16e9b74b6d058c4f05c58c50aaa4c5d94ac848eeb83ff007d1ae1f58b8d7efac223e1bbb8d250406123b2a91ff0119eb5edfe35892f3c2ba9406e3c826ddb126d0403d475e2be7ed1bc5569a7dd9b6d56109133614e4e38f422be3f3da10a756328e973ea324ad29d29293bd8aba5def8aad65947882ebc3887692f1cd7322b31ec1778edf5a5bbbcf105b49f6bd29349bb9ce36c56978e48f6e7201aec6e35df879a9203a91d3a5cf38995587d39a586ff00c09a7dbbcba53dac0a79f931d73c578dce92b58f73da232347d73c413e9f2cfaec1f649831da8cf93803d475ab5e08f0c69be31f13ff00686b70fda21d1d85cc50c9f324931dc14b03c305e580fef007b572de22f16e9d713345673891b3c6de49aefbe0a81fd9fa85e3cac2596750533d142e6bbf29a31ab88499e5e69370c3b944f4db7b6b3b4cfd8ede28b71c9d88067eb8a9048186723d2ab79a138048f71de955faa8db9ec6bee69c2318da2ac8f8e72949de4cd09e73147bc7cc73d33cd37ed883054e4e3763d2aa4f22ec2ccdbb8ec7bd400a796649e4daa0678aee5413766724eb5b5397f8aafa96b5e11bbb7d35650f0b24c890b10d2056048fcb35e6ada35a6a7a7895e20e482c324e735ec50bbcd0f9ef03aa8760439ebc9c138f5ae5357f07cd6c5ef7c3d0e61724c96a3a8e99283d3dbb76e2be7b88f29a989846ad15f0f43ddc8b3385093a557a9e62ff000fb4fd4d36e115f1c6091c5539be1d58e9e3e7c9cb67009c5759e69577f24849e36380723047a8350de5d4d210d7732331e081c735f012567a9f690973a4d18fa7f866c6d63370b0287edc648ae8be1a5a6a2359bbd515da2b28984230cc04871cf00e0e33f9fd2a4d0b44d47c48c60b5cc568a4acb72572178e8b9ea79fa577165a658e930a69fa7c788d0633fc4c7b927b9279afb1e19cb6ab9fd666acada799f33c4198d351fabc357d4df49b76318f61d4d4d1b86507839c9f6ace80b15fb98039e0f1d6a5b332cadbf8c0e318afad961ecee8f968e26fd0bed2066d8703b6339c9aa41a5d424f26251e4c4d8639c6e6a5bd93ece924ea46327b74a974e061b74dabfeb392c7df15d914d2b9c6ddf42d4655ae1e091772ba8f9470062abb4373653968f0d19e7dc0ef4b3dc2c3791bb9da0b7ce7a0e45656a3e2e8c5d7f64e94a66b93f299dd098623fed1fe2fa03f88a5184e4f426e968719f1bbc47f0dfc21a22eabe26b816daacc31671da9ff00499f1db04e0af5e5b81ce0835e2fe1bf8c1f0fe7d7ad24d4edf53bdd28b0fb56640b241c13b8c63e69141c64afbf079adefda53e1168baf783f52f1a6bbadfd9f56d223564d4ae011cef18876a9fbac490a31f29626bc3fe0c7c289bc75f1334bd03c4686de2b1b5fed3ba8c49b24950ff00ab0a41ce18e09ef807a75aca790e0eb4fdace29bee77d1cd7134a93a709348fbd74fbbd3351d26da4f0eb4074d9625921683055d0e305714d9edfec7672dc920b10157ea4e3fad739a7e871f801a287404274f7cb5c5964958c631b93d0f038ce3af7ae92faea1bcb7b536ec8d1cb26e6c73c053c7ebfa56ee8fb2b2a7f09c5ed1cf56f524b20238f6919da3a35224c209199411bb9e39ed53db4637703b641f7aa97170904d12c9116dc0925466a14799d82f60d6bcc9635b741b416c91d7bd6b5aa1445183b554633556fd155c903bd6945caa9233fbbcd74554946c88836f5657bbb58aea2f98e18f7e09aa715adb08cda491205ea72bdeb4939566ef4c9d1429603921b9fc6b385f9b9424ba9f2ffed5de2fb6d3a6d27c1a9766e658f1aa084ae22ce4a46f2e7efecd8e553fbcc189f942b7ceff000abc57ad69bf1520f14595e6ebe8afa3334b3b121adce44dbc9e8be59624f6aec7f690b89e6f8c7af2cb2b3088431a027eeaf90a703f124fe35e7d6b23e9be05b29ac48865d6bc4af677d2281be68215b678e3ddd42ef95c90080c76eeced5c7b73a71a7462c8a73726d1fa51651acd662772a7ccf9b77e5fe351dae97042ceeb180092702ace908bfd94adb4655001f90ab56e018df3fddcfe3835e1ca6eeec696d42d21195db91db2a0540b6ebf6d05bf8413f2f63562c1d9846c4f258ff004a5b350da8b8238c9feb531dca67ffd9),
(2017033800104104, 'Oza Ruchi Bhupendra bhai', 'D17CJ0241049', 'ruchiv12349@gmail.com', '5e884898da28047151d0e56f8dc6292773603d0d6aabbdd62a11ef721d1542d8', NULL),
(2017033800104112, 'GANDHI GAURANG NARENDRAKUMAR', 'D17CJ0081020', 'gaurangg92@gmail.com', '5e884898da28047151d0e56f8dc6292773603d0d6aabbdd62a11ef721d1542d8', NULL),
(2017033800104135, 'Shah Vrushali SanjayKumar', 'D17CJ0411086', 'vrushali.shah2710@gmail.com', '5e884898da28047151d0e56f8dc6292773603d0d6aabbdd62a11ef721d1542d8', NULL),
(2017033800104143, 'Vandana baseta', 'D17CJ0031010', 'vandanabaseta21@gmail.com', '5e884898da28047151d0e56f8dc6292773603d0d6aabbdd62a11ef721d1542d8', NULL),
(2017033800104166, 'ismail rangwala', 'D17CJ0361077', 'irangwala0@gmail.com', '5e884898da28047151d0e56f8dc6292773603d0d6aabbdd62a11ef721d1542d8', NULL),
(2017033800104174, 'Kunjal manesh simzia', 'D17CJ04811', 'kmsimzia007@gmail.com', '5e884898da28047151d0e56f8dc6292773603d0d6aabbdd62a11ef721d1542d8', NULL),
(2017033800104182, 'Shivani Tinna', 'D17CJ0511105', 'shivanitinna5@gmail.com', '5e884898da28047151d0e56f8dc6292773603d0d6aabbdd62a11ef721d1542d8', NULL),
(2017033800104197, 'Palak Modi', 'D17CJ0211043', 'palak142514@gmail.com', '5e884898da28047151d0e56f8dc6292773603d0d6aabbdd62a11ef721d1542d8', NULL),
(2017033800104216, 'Ziyad suhel patel', 'D17CJ0321070', 'ziyadpatel96@yahoo.in', '5e884898da28047151d0e56f8dc6292773603d0d6aabbdd62a11ef721d1542d8', NULL),
(2017033800104224, 'Saad Riyazuddin Shaikh', 'D17CJ0381079', 'saad.riyadh.shaikh@gmail.com', '5e884898da28047151d0e56f8dc6292773603d0d6aabbdd62a11ef721d1542d8', NULL),
(2017033800104255, 'Panchal Akshita Dipak bhai', 'D17CJ0261059', 'akshitapaanchal28999@gmail.com', '5e884898da28047151d0e56f8dc6292773603d0d6aabbdd62a11ef721d1542d8', NULL),
(2017033800104263, 'Gondaliya Kishan harshadbhai', 'D17CJ0091022', 'kgondaliya261@gmail.com', '5e884898da28047151d0e56f8dc6292773603d0d6aabbdd62a11ef721d1542d8', NULL),
(2017033800104286, 'Kartik Chouhan ', 'D17CJ0181037', 'chouhankartik89@gmail.com', '5e884898da28047151d0e56f8dc6292773603d0d6aabbdd62a11ef721d1542d8', NULL),
(2017033800104305, 'Mounil Vrajesh Parikh', 'D17CJ0611146', 'parikhmounil123@gmail.com', '5e884898da28047151d0e56f8dc6292773603d0d6aabbdd62a11ef721d1542d8', NULL),
(2017033800104313, 'HARDIK PALRECHA', 'D17CJ0101025', 'hardikpalrechaHP@gmail.com', '5e884898da28047151d0e56f8dc6292773603d0d6aabbdd62a11ef721d1542d8', NULL),
(2017033800104344, 'Het Patel', 'D17CJ013103', 'meethetpatel@gmail.com', '5e884898da28047151d0e56f8dc6292773603d0d6aabbdd62a11ef721d1542d8', NULL),
(2017033800104352, 'Prajapati Vishal Ishwarlal', 'D17CJ0331071', 'visip@gmail.com', '5e884898da28047151d0e56f8dc6292773603d0d6aabbdd62a11ef721d1542d8', NULL),
(2017033800104367, 'Nishi Bipinbhai shah', 'D17CJ039108', 'nishishah1499@gmail.com', '5e884898da28047151d0e56f8dc6292773603d0d6aabbdd62a11ef721d1542d8', NULL),
(2017033800104402, 'Shaikh Taushib AzadMohmad', 'D17CJ0441091', 'taushibshaikh88@gmail.com', '5e884898da28047151d0e56f8dc6292773603d0d6aabbdd62a11ef721d1542d8', NULL),
(2017033800104417, 'Harshil Dineshchandra Mehta', 'D17CJ0661157', 'harshil846@outlook.com', '5e884898da28047151d0e56f8dc6292773603d0d6aabbdd62a11ef721d1542d8', NULL),
(2017033800104425, 'Bariya Harishkumar Parvatbhai', 'D17CJ002101', 'harishbaria206@gmail.com', '5e884898da28047151d0e56f8dc6292773603d0d6aabbdd62a11ef721d1542d8', NULL),
(2017033800104472, 'Ebenezer Isaac', 'D17CJ0002566', 'deadshotbenz@gmail.com', '1c4a07622dd3280033eb299bc831c1d8a7d64bf37e855a0c1009c12f4dc4c531', 0xffd8ffe000104a46494600010100000100010000ffdb004300030202020202030202020303030304060404040404080606050609080a0a090809090a0c0f0c0a0b0e0b09090d110d0e0f101011100a0c12131210130f101010ffdb00430103030304030408040408100b090b1010101010101010101010101010101010101010101010101010101010101010101010101010101010101010101010101010ffc0001108006b005003012200021101031101ffc4001f0000010501010101010100000000000000000102030405060708090a0bffc400b5100002010303020403050504040000017d01020300041105122131410613516107227114328191a1082342b1c11552d1f02433627282090a161718191a25262728292a3435363738393a434445464748494a535455565758595a636465666768696a737475767778797a838485868788898a92939495969798999aa2a3a4a5a6a7a8a9aab2b3b4b5b6b7b8b9bac2c3c4c5c6c7c8c9cad2d3d4d5d6d7d8d9dae1e2e3e4e5e6e7e8e9eaf1f2f3f4f5f6f7f8f9faffc4001f0100030101010101010101010000000000000102030405060708090a0bffc400b51100020102040403040705040400010277000102031104052131061241510761711322328108144291a1b1c109233352f0156272d10a162434e125f11718191a262728292a35363738393a434445464748494a535455565758595a636465666768696a737475767778797a82838485868788898a92939495969798999aa2a3a4a5a6a7a8a9aab2b3b4b5b6b7b8b9bac2c3c4c5c6c7c8c9cad2d3d4d5d6d7d8d9dae2e3e4e5e6e7e8e9eaf2f3f4f5f6f7f8f9faffda000c03010002110311003f00fb96d343d1e26dd16976abc91910a8e3f015ad1d9da22fcb6d1afd14556b6273ed93574b7cbc62baaa2d49565b0d7589410235c7d2a95f5f69fa75bcb75793416f044a5e496560888a3b9278007bd617c48f1d693f0e7c15abf8d75a93fd174ab7694a6e00cafd1235cf7662aa3dcd7e5c7c5ffda2be267c59bb965f126aed1e9c262f6fa5407cbb7879e010397207f13e5be94a316f632ab5d523f4535bfda77e03f87af3ec3a87c43d3cca0807eca925ca827d5e24651f9f1deb7fc25f19be1578ef62f853c6fa36a12c9c2c0972ab37a731361c75ee2bf1fe3bf78ee55dee2189dc7532b0d9c7d452dc5eea3617297f15cb868984915d42d8c303c10c39041e87f5ab71925a18ac5ca5d343f6e22920963da02100606314d4484b1ca2fe55f98ffb3e7ed99e2ff86faac7a5f8d2fafb5ef0ecc3cb68a470d3db1cb10d1331e796e549e46318c57e887833c75e1cf1d6910eb9e18d522bbb69515fe56059370c80c3a83f5a98abbb3d19d119a9aba3b05118e807e54e65565e839aa91bb15eb9a9839ee79a1d36b7354ca7013cf3ef564b1dbf8e2a0b74f943f4e791523f2a47e35bb49ee4dac7c39ff0511f1fea4b7ba07c3db6774b3480eab75b7a4b21668e31ff00010ae7fe063d2be1e3aaaabc82446dc5b232391f8ff4afb5ff00e0a21e1454d7bc35e2a8978beb29ec26393906270ebf9f9cdf957ca5f0e7c071f89f5d64ba0c6de1e64f93218e47193d2b1ad354a3cece154e788afecd6ece72de45bb6f219e4914f464883153d8734ffec5d6ac5242fa5de0b52a658e49612b83f5039f7f6afb63c2fe14d2f4dd26de3874a8a34518e220338ef5d447a5787f54b59ac6f3474b88caedda61cf3f5af3bfb454a5cb63da86456873396a7e755f5bfd9e650b80872719e84d7d47fb097c62d4341f8830780751792e2c75a568220673b62947ccac14b6dc70470377cc4f3d2b9ff8d1f07349b4b3bbd4f45b21646260d244a0e0267e6207e35c0fecff00a66a09f1c7c196da7a48ccfacda93e413b953cc525b9cf01727e95d942ac710b9a2cf2f11879e0eaa8367ec240d91c1e3153e4f3cf6aaf10c2818efdaa7dac573d2badeda9d08488e13269581233eb4d8b2403f9d3db1c64914b9ac37a9f2afedc2da3eb7e1fd27c23259ca754597fb4a2bb55045b40088e404756dc189da08fb839e80fcb6d6b7fa5c7636d6f69aa594e7f762189029760c46f77c8196c6ee4e39eb5f5bfed770c66f7c292f98a588bc49173b498f7404f3e9c1fc6bcff00c31a7595fdb85b845691beee40e07e3f8d78b8ec5ba73f6735a1eb613011ab1f694dd9b5a9e3fa078efe2569d7967752ead2cba5cc5f6c379046ac42101b207ccbcfa8c9e48c819aedbc4bf123c7ba759acb65636da6cef6b15ca88dbce76572db78655c72a46335b5e2ad3747d26e2da2bc7b4895cf98f24ccaa36ee0bc678c92781f5aeab52b3d16faeac04f79633cab6e1cc6aebe6987383b47520127f3f7af3a75e32a89a89e9d2c14e34dc39cf14b3f12f893c5d206f13eb1a8c12bcf25bae2ca358ddd7ef291f3647239e01cf06bd3ff00647f87fe14d0be2beb9ab6a3084d4a132dbe8d035b95408c81e6911ba0c2b6d18c705c7a57793784349b3b24b83142cacbba264001e4641ad4f807a2da4de2cd5f569625925b440b1c847432055247a1c4247d0fbd77e1318a55bd9d3563cfc5e5ca9d2e7ab2bdb63e8484700f7f5ab4a9b92ab4238157a31c1af66a4ac8f1e28aea39e29ec8a57e600d322721147078a734a075a8d5bd494731e35f00f857c716896de22d2a3baf2439864dee8f16e183b59083ce0707838e6be2d7b8d4bc357f7fa2ce07daf4eb892d64c74de8c54ff2afaefe2bfc43b1f04f866f6782f613aabc452d6df782fb8e06fdbd76ae724f4e31debf3feffc59711f89355b7be9fcd916eb7cb2e4f264559149cfa8901cfae6b2c765cebd15552ea75e071ca8d774dbe875577e26d6b56d520d3ae7489a485807528f180cc09c8cb1182303b57453eb1a8e8496f2da68b7b1cd1f11c6be4bae4e3a004107d4d71fe1cbbd07589c43aba0900fb8376d6079aecf505f08d958c73e9e5d2e571c34ac47e44d794d463fbb6b5f99edc669c5cb7f336edbc5ba96ab6c64915c336152303a1f4c57d25f0f7c0ba7f84ace2b9f2655d4ae6d624bc2ef91bf1b9801fef31ebcd7c751f88afed352d1ff00b22416f733eb3630c0ec3700cd70992477c2ee3f81afb6fc37e23b4f1269f1dfdbe15d7f773444f3138eaa7fcff5aefcbb012a3195792ddfdc7939863bda4d508bd97de7490f0055f8c129c566412018cfad6844e08001c576555a1c099cdeb3e2cd0fc376a2e759d4a1b6561f2863966383c2a8e49c03d076fad79078cbe3d6a57904f61e13b23621dfc85bdba2be667193b149daac006fbc4e08195c1cd795ea579a86ad149a8cf7b35edd859191d6476672a0c9090793f7ede78cf6f9c71d2a9ea173034b2a47e25bc58ed1da6898c855163538c13db853c0c0c7e55f6185ca29536a55b57f87fc13e53139c55ab78d2f757e2606a7e7cef7ba96a4d7373aa4f78dba79661224a990a4875c1387470327a376c0af2ef883a447a378d34ed45ee15a1d66d5ad6e370246f421d3767fd9902e7fd9238c57a86b3771e83e1b86e3527966b5b1b4fb507182f30651202a533bc832118cf048cd78c7853c49a9fc687d721d5916d6eedeea2bcd2e3758e243108bcb68839037498546249e4e7000e0199d3e7a1eca31d7a587965570aeaa49ecf5b9a1ff0008cea424ff00895cf1b27042c9d57e8735d368ba16a2aa24d5af15117236a753f89c9c55bf0d787754688db4f0b89a13b18370723afe55675fd3356d32d02db5b996ee6f9618830059f1ea780300924e00039af857273a9ece3bec7df38469d3f692d23b963c09796babfc4eb50d184d3b425658c050e7ed4f190ac7d366e539ff006ebd9f48f12eb5e18be69740ba890ce14aa4c088c107fd5b20c0c139006436581c819af9524d03e2469fe0bb1d43c1d75026a87549de795183c93e373321c8fba4f1823f871d2bd23c27f1c1f5c6974df1c7852e7c31abd8462ea50b1bc96c40390c81519a304ae4677723ef138afb8c0e1551a31a138bd7e6ae7c063f152ad5e55e9cbafdc8faebc25f18746d59859eb4aba75ea9009ddbadd8919187e0a9239c301ec5bad7a65a5dc72a2c91c8acae32a47423d457c47a5ea8535058edadcc76b3334967b22dab0bfcc1a12cd82a1497daa5471b49ceec57a67853e20eabe17113d9ce16c1cbf9905d385898f9aca1a3dc772e769ed8e99c8191862f25524dd1fb8df0b9d59f2d75f3471369770ddc5125a3c508b802585565ca894c70dd280c138f992e97f8bef118acfd6752b1934f9ac75bd39ad915181944122ef8ca9c9dd81d307f8471f9d5bb2ba8c6a12c16f76b1043335bb11f29559a3910738c1f2ee5c76e076acfb9d6aeb56b8582e628e27482e6d8975550ed244f18209c03f7d48fff005d7d1c637d8f9f94adba2aded99b0478c05bbb55b89ad2e84a432068657de54318f193246d8d8dc000703155b51f04e8d0de586a1e1d31d8dc48110491436e5304bee1b772ae319078cf5f5aecf4848b54d33fb3af2d8b4fa82a5e09846541959111c82073968dba922b234db7d5ecf568f45bf9241e4ddc0c0327dd569e385b1f84c08c77fc2aed17a305269dce7acf5fbcd2d611aa68cab7571e4c5692db2964ba90c314862c02cc8dfbe5c139042b92dc01566e05fdd07d56378bed91c531955a30e902aab49e58259704ac4e5b23b0c7415bbe1cb48355beb7d519a39868d6d6f74b13a2b2c924d696e8c00c76f29bf026ae5de9e63d4b559258a2b517b18b80203b510cb69a80c2a8390a0638f6fc6bce865b868629e2543deb7f5a1e854cd7152c2ac3397ba258f872d9a26b3416adf63bcbb0185c2e4e269002000474e700924e7f0c9d53c3f60de2cb886d6dee10cba1431b83684f98df6b5e541ea3a9e7a67a1ae92ceee7ff00848aee192eee01691f3b676f9f24bf393d78efe9593abc6b3f882f628500dda246a85e35c6ff003ddb246369e533c82739c57a31563cc53010de4ba5ea690acccf05d33a31b7652a0bf0d82bc7241fc7357bc2cd737f1da58df7930ddc02d6ca68c1c310b692ca40c9fbc5a40722a4d3ec5836a8aa1047e6ce9f3dbc63237903200e7a8e9d38ac9b677fed6b782de231c774d790de4a0468db63b3b7c326103606f6fe3ee3af432d5d581492655fed38adaf3528df5058cc37f9806f6dec860624006239e90f1bb8045665b35de9b3278825b662cd771dd39f2c465e18d83390c92063f8a83c9ed835c57f6c6a22769bed397958ef251493fbc2fdc7f7b07f01e8317f50f11eb2c2076bdc968a584feed70530eb8c63d09fd3d0579b0cc22b5b33b25869591e8fa868b13d9a5ddb69ce26d3e6ba8837d9a0cb27da6561c9627a107bf7a592f967b7b4d65625492d6da446621011e5cf0ca061232723caedcfe55c1c7e32f13245244355729301bd4a210718e791c7e1ea6b3ecb5fd5da0960378764c1f78d8bce627527a707154b3283972d982c24e4ae9a3d1a5bbb9d2b56b7b88eea59217692de5204c06229e545605e4504003073ea38ed5b7adf3772926dc07b384ab99a12b930ea2bc039c1e73cfbd79cdd78975bb8d3e232dee4bcf7721c4683e622590f41c0dc738e94b61e25d6e69e0796fd9db622e4a29e337031d3fdb6fce886614e4dfbac27426b4b9ea1a6037579a9ea30491b2793116311de0028a790901e3a9e9c60735cacba959c9aa6a176ef1332c76d1e24dc4ec02e59c1dcb1af0a467e65c64753c565eabaf6ab15a5cdac77588ae608d255f2d7e6508ab8ce38e0e38ae75f53bdb1bbbcd3ace7f26ddc08d95140255eda7561bb19e431efefd6b48e6104b99a664e84ada33d7749ba8e58752826b941389a66da92c432779ce3f7e73ee3ebe95929a9186f62ba7f3230da7cef6f226f27cd88fef305460128911c82d8107500572773e27d680950dd23e2499c1782363b9a52c4e4ae724b13f8d535d52f5dece1f3115253e6c812245dee77212d80324a9239ac566307b266bf539249dcffd9),
(2017033800104487, 'Patel Ami Bharat', 'D17CJ0281060', 'artiji083@gmail.com', '5e884898da28047151d0e56f8dc6292773603d0d6aabbdd62a11ef721d1542d8', NULL),
(2017033800104495, 'ALSTON STEPHEN DSOUZA', 'D17CJ0061017', 'alstondsouza182@gmail.com', '5e884898da28047151d0e56f8dc6292773603d0d6aabbdd62a11ef721d1542d8', NULL),
(2017033800104506, 'Arbaaz Shaikh', 'D17CJ0431090', 'arbaazs161@gmail.com', '5e884898da28047151d0e56f8dc6292773603d0d6aabbdd62a11ef721d1542d8', NULL),
(2017033800104522, 'P S N Reddy sai Seshadri Vamsy', 'D17CJ0251053', 'vamsysharma409@gmail.com', '5e884898da28047151d0e56f8dc6292773603d0d6aabbdd62a11ef721d1542d8', NULL),
(2017033800104537, 'Krusha patel', 'D17CJ0301065', 'krusha.patel4762@gmail.com', '5e884898da28047151d0e56f8dc6292773603d0d6aabbdd62a11ef721d1542d8', NULL),
(2017033800104545, 'Patel Darsh', 'D17CJ0291063', 'darsh251425@gmail.com', '5e884898da28047151d0e56f8dc6292773603d0d6aabbdd62a11ef721d1542d8', NULL),
(2017033800104576, 'Amit Khatri', 'D17CJ0641151', 'aaykay911@gmail.com', '5e884898da28047151d0e56f8dc6292773603d0d6aabbdd62a11ef721d1542d8', NULL),
(2017033800104584, 'Pratishtha Agrawal ', 'D17CJ0341072', 'pratishthaa1409@gmail.com', '5e884898da28047151d0e56f8dc6292773603d0d6aabbdd62a11ef721d1542d8', NULL),
(2017033800104592, 'Abha Kapadia', 'D17CJ0531112', 'abha11kapadia1281@gmail.com', '5e884898da28047151d0e56f8dc6292773603d0d6aabbdd62a11ef721d1542d8', NULL),
(2017033800104603, 'Sidharth Prakash', 'D17CJ0471099', 'sid47786@gmail.com', '5e884898da28047151d0e56f8dc6292773603d0d6aabbdd62a11ef721d1542d8', NULL),
(2017033800104634, 'Haynes Hasmukh Christian', 'D17CJ0631150', 'hayneschristian10@gmail.com', '5e884898da28047151d0e56f8dc6292773603d0d6aabbdd62a11ef721d1542d8', NULL),
(2017033800104762, 'Mansi Vijaykumar Suthar', 'D17CJ0501103', 'sutharmansi999@gmail.com', '5e884898da28047151d0e56f8dc6292773603d0d6aabbdd62a11ef721d1542d8', NULL),
(2017033800104777, 'Aamir Shaikh', 'D17CJ057113', 'aamir.s2001@gmail.com', '5e884898da28047151d0e56f8dc6292773603d0d6aabbdd62a11ef721d1542d8', NULL),
(2017033800104785, 'Yash Vasant Patel ', 'D17CJ0311067', 'yashpatel8647@gmail.com', '5e884898da28047151d0e56f8dc6292773603d0d6aabbdd62a11ef721d1542d8', NULL),
(2017033800105974, 'Sejal Shashikant Parmar', 'D17CJ027106', 'sejalpar26@gmail.com', '5e884898da28047151d0e56f8dc6292773603d0d6aabbdd62a11ef721d1542d8', NULL),
(2017033800106006, 'Iqram abdul karim shaikh', 'D17CJ0141030', 'ajgarshaikh000@gmail.com', '5e884898da28047151d0e56f8dc6292773603d0d6aabbdd62a11ef721d1542d8', NULL),
(2017033800106022, 'Khushi parmar', 'D17CJ0551120', 'khushiparmar491@gmail.com', '5e884898da28047151d0e56f8dc6292773603d0d6aabbdd62a11ef721d1542d8', NULL),
(2017033800106045, 'Bhumi Vyas', 'D17CJ0521110', 'bhumivyas17@yahoo.com', '5e884898da28047151d0e56f8dc6292773603d0d6aabbdd62a11ef721d1542d8', NULL),
(2017033800106084, 'Bhatt Pankti', 'D17CJ0601138', 'panktibhatt08@gmail.com', '5e884898da28047151d0e56f8dc6292773603d0d6aabbdd62a11ef721d1542d8', NULL),
(2017033800106111, 'Jingar Parthvi', 'D17CJ0161033', 'parthvijingar1999@gmail.com', '5e884898da28047151d0e56f8dc6292773603d0d6aabbdd62a11ef721d1542d8', NULL),
(2017033800106126, 'Harshit chandani', 'D17CJ0111026', 'harshitchandani144@gmail.com', '5e884898da28047151d0e56f8dc6292773603d0d6aabbdd62a11ef721d1542d8', NULL),
(2017033800106142, 'Heet Kalaria', 'D17CJ0121027', 'heetkalaria@yahoo.com', '5e884898da28047151d0e56f8dc6292773603d0d6aabbdd62a11ef721d1542d8', NULL),
(2017033800106157, 'Priyansh Patel', 'D17CJ0561122', 'patel.priyansh6281@gmail.com', '5e884898da28047151d0e56f8dc6292773603d0d6aabbdd62a11ef721d1542d8', NULL),
(2017033800106215, 'RATHVA JIGNESH', 'D17CJ0371078', 'jigneshrathva815@gmail.com', '5e884898da28047151d0e56f8dc6292773603d0d6aabbdd62a11ef721d1542d8', NULL),
(2017033800106246, 'RAJ KUMAR', 'D17CJ0351075', 'RAJKUMARZALA1100@GMAIL.COM', '5e884898da28047151d0e56f8dc6292773603d0d6aabbdd62a11ef721d1542d8', NULL),
(2017033800106254, 'Rishabh Prasad ', 'D17CJ0651156', 'rishabhprasad799@gmail.com', '5e884898da28047151d0e56f8dc6292773603d0d6aabbdd62a11ef721d1542d8', NULL),
(2017033800106262, 'Janvi mohinani ', 'D17CJ0221044', 'janvimohinani5@gmail.com', '5e884898da28047151d0e56f8dc6292773603d0d6aabbdd62a11ef721d1542d8', NULL),
(2017033800106285, 'Manisha Gaikwad', 'D17CJ0071019', 'gaikwadmanisha2299@gmail.com', '5e884898da28047151d0e56f8dc6292773603d0d6aabbdd62a11ef721d1542d8', NULL),
(2017033800106293, 'Kavita solanki', 'D17CJ0191041', 'kavitasolanki30101999@gmail.com', '5e884898da28047151d0e56f8dc6292773603d0d6aabbdd62a11ef721d1542d8', NULL),
(2017033800106312, 'Uzma Siddiqui', 'D17CJ0461094', 'uzmairshadsiddiqui@gmail.com', '5e884898da28047151d0e56f8dc6292773603d0d6aabbdd62a11ef721d1542d8', NULL),
(2017033800106335, 'Shah Shubham Anilkumar', 'D17CJ0401082', 'shubhamshah1985@gmail.com', '5e884898da28047151d0e56f8dc6292773603d0d6aabbdd62a11ef721d1542d8', NULL),
(2017033800106366, 'Sayak Deb', 'D17CJ0581133', 'sayakdeb20@gmail.com', '5e884898da28047151d0e56f8dc6292773603d0d6aabbdd62a11ef721d1542d8', NULL),
(2017033800106382, 'DHRUVA VIJAY SHAIVA', 'D17CJ0451093', 'dhunchi1999@gmail.com', '5e884898da28047151d0e56f8dc6292773603d0d6aabbdd62a11ef721d1542d8', NULL),
(2017033800106397, 'Ankur Banerjee', 'D17CJ0011008', 'ankurbanerjeeofficial@gmail.com', '5e884898da28047151d0e56f8dc6292773603d0d6aabbdd62a11ef721d1542d8', NULL),
(2017033800106401, 'Yagnesh Mehta', 'D17CJ062115', 'yagnesh.mehta7@gmail.com', '5e884898da28047151d0e56f8dc6292773603d0d6aabbdd62a11ef721d1542d8', NULL),
(2017033800106416, 'Jingar Raj Suryakant', 'D17CJ0171035', 'rajjinger7999@gmail.com', '5e884898da28047151d0e56f8dc6292773603d0d6aabbdd62a11ef721d1542d8', NULL),
(2017033800107412, 'Jitendra Singh Inda A', 'D17CJ0541116', 'inda07jitendra@gmail.com', '5e884898da28047151d0e56f8dc6292773603d0d6aabbdd62a11ef721d1542d8', NULL),
(2017033800107435, 'Mukhi Mohammad Ali Mahebubbhai', 'D17CJ0231045', 'mukhimahammad429@gmail.com', '5e884898da28047151d0e56f8dc6292773603d0d6aabbdd62a11ef721d1542d8', NULL),
(2017033800107497, 'Lokhandwala Haji Huseinali Haji Nadeali', 'D17CJ0201042', 'hajihusen45642@gmail.com', '5e884898da28047151d0e56f8dc6292773603d0d6aabbdd62a11ef721d1542d8', NULL),
(2017033800107501, 'Vraj Kotwala', 'D17CJ0000093', 'iamkotwala@gmail.com', '9345e9873b756ac25f32b71f00f3813049e7d99746029bec72a5448e2ea70d2f', 0xffd8ffe000104a46494600010100000100010000ffdb004300030202020202030202020303030304060404040404080606050609080a0a090809090a0c0f0c0a0b0e0b09090d110d0e0f101011100a0c12131210130f101010ffdb00430103030304030408040408100b090b1010101010101010101010101010101010101010101010101010101010101010101010101010101010101010101010101010ffc0001108006b005003012200021101031101ffc4001f0000010501010101010100000000000000000102030405060708090a0bffc400b5100002010303020403050504040000017d01020300041105122131410613516107227114328191a1082342b1c11552d1f02433627282090a161718191a25262728292a3435363738393a434445464748494a535455565758595a636465666768696a737475767778797a838485868788898a92939495969798999aa2a3a4a5a6a7a8a9aab2b3b4b5b6b7b8b9bac2c3c4c5c6c7c8c9cad2d3d4d5d6d7d8d9dae1e2e3e4e5e6e7e8e9eaf1f2f3f4f5f6f7f8f9faffc4001f0100030101010101010101010000000000000102030405060708090a0bffc400b51100020102040403040705040400010277000102031104052131061241510761711322328108144291a1b1c109233352f0156272d10a162434e125f11718191a262728292a35363738393a434445464748494a535455565758595a636465666768696a737475767778797a82838485868788898a92939495969798999aa2a3a4a5a6a7a8a9aab2b3b4b5b6b7b8b9bac2c3c4c5c6c7c8c9cad2d3d4d5d6d7d8d9dae2e3e4e5e6e7e8e9eaf2f3f4f5f6f7f8f9faffda000c03010002110311003f00fd53a28a2800a4240ea68660aa598e001935f8ff00fb7fff00c14747c4ed4bfe153fc01f185ed87846c262755d76c8bc32eb132fdd8a16e196dd4e72c71e63608f9402c01faabe36f8b7f0b7e1b04ff8583f11fc33e1b6950bc49aaeab05abca075d8b23067edd01eb5c768bfb5cfecc5af4f1db69ff001e3c13e74b2185239f578add99c1c60094af7e9eb918ce6bf9f1bbd66e2ea35ba87cb9a5763bd59cf98c78ce4756ea7be7f2a8edaeafe485ae6e74e08aa159b384c03ce4707be07e22aac80fe9974ed4f4dd5ece2d4749d42daf6d27198a7b795648dc671f2b2920f20f4ab55f817fb2e7ed67f123f65ff1741a9787249eff00c3977213ac787e6988b6bd8c81f347da1980036c8075c06054907f763c0fe31d03e21783f46f1cf85af3ed5a4ebb6515fd9ca576968a450cbb94f2ac3382a7904107a526ac06e5145148028a28a00f9fff006f7f1dea5f0ebf647f88fafe8ec16f6eb4d8f4689f79468c5f5c4568f22b0e8ca93bba9f5515f977fb377ecbde07f10f85a2d67c41682fae6f773e2419f2d4e0281f41d4fbd7e91ffc14c34f9750fd8bfc7fe441e6496cda55cae3aa85d4ed7737e09bb3ed9af9a7e0c43a27c3df07e9d16b1abdb4205b46659a6942a160a33b73d71cf4faf7af2f34a938d38c20da6df43dcc8e8d39d5954a8934975f33c77e22ff00c13e61b9d31f58f025f496da83c81a38f780a477e3800fa7e5c75ac2d07fe09dfe24bed2e3bcf15f8945bdc60346f0c67cd4c762bb995b8ef9edf97df7e16d53c3fe2fb2171e1ef13e99a846a704dadca4a14e3a1da4e0e08ad0d4626d36dde5bbd4ad6148c1399250bc77eb5e4ac5e320bd9a6ff53de965b81a92f6b65fa1f9bbf14bf628bdf0bf85ae75bf0f7897ed371a7c5b9219536a95e4b73d98e48c907a8e9dbed8ff0082407c51b9f15fc0df127c36d46f269ee3c13ad996d51d3021b0bf5334681b1f31f392ed8e791bbd31543e255ba789fc297b61a65e428f7513049546e46e38e9dba74a4ff823ef836db4ef87ff0012bc78914b0cfad78921d22489ba2ad941e60c7beebd901ff7457ad96622ad6528d57768f073ac251c3b84a8ab267e82d14515ea1e1851451401e5ff00b4969306b3f09356b2bb52f6ad2da7da631ff2d22fb4460a91dfaff504100d7e74687f09b54d5bc21a1a69b7d717e05942f2499ff488a26018c511c85dbb70031538c77c62bf52bc6fa049e28f09eaba043e4096f6d9e388cc0ec593aa138c918600e70718ce0f4af883c0dfd99e15b29fc19e26d36c6f7fb1e57d3a78d904d17990318db1b9464028704a838ec2bc7cc5ca9c94d6cedfa9f4792ba7560e9cb74dbf93b1e35e0bf86ff17fc1babe910f87b568ec6fef5fecf34d71a4c62d6690c8ccd349146eb29510fcbfeb33e660e76b616d7c4cf02fc66f185cea161aceb915ccfa5b4d1ab45a1c52d9cee06eb793ecf3b4cc233bb0c431395718e2bd76d3c7be05f0eeb316a5268d6b691dcce70b6091c6638d4e0175500927ae7b63157b51f8a5e156d5e5d5ed34d9916d39335c864f362fe358db681db390ddb04579fed66df3d97dc7bbf56a3cbc9776f56783697f0ebe27e9304c347d5b4fd35d9628fed034c82d210876ac8e6d6244491c7ccca0e38183dcd7db1fb09787a3f0c7c0ab1d32de0b58a13245704c36e9133cb2dac3248d29500c8fb9b05df2c405049c578c7c4ed7b4fd734174f065a24bab5e5bf956455f2d2c8e3f76a198f76dbd4e3a57d89f09fc1dff00083f8134bd025b7115c451ee9d77063bcf6247070bb578cf0a064e327d0cbdcea4dcdec7899c2a54a9722df4b7979fe075e3a0a5a28af60f9a0a28a280108cd7c4ff00b47f85e1f867f130ea71b22699e31926beb6509b563b952a6e632727259dfcd04e33e6b003e426bed773b4673802bf347e247c48bff8d7fb4078ef4ff106a125ef8363b4b1b5f0c5a172b1471c6f309e7888c7ef1e508e587cc079409f9540e3c7d3e6c34a6d68adf8bb1eb64caa7d65387cff00af91d7786bc3da55b236ada6db5f5c7da06e30c57b20453fecaefc2f6e82ac7897c2da16b165f6ed6f459e188464b477374efb8e382d963923f2fd2bc62e34cf8d3e00b936fe04d5ed759d32424476f78764d10ea30c386e73d81e95169fa6fc71f1618b4ff1a6bd6fa65a6e26e20b772d338ff7ba28c7a0cf6ce715e0e9c96e756fc4facf6f517b9c8cf6ff00d9e344d27e247c6bd3f4e2e8d63e1788eb572a1094796078d6de0560c30cb24914a7ef71185618901afbd9460015f95de2ad67c47f0b358f025efc2dd765d12eb48d6e29e7480911ddd8a47235c453a023cc89f2bb81ce5994f0db48fd34f0278bac3c79e10d2bc5fa67cb06a96cb3797bc3189fa3c648e0b2386538eea6bddcb69bfaaaa8968db5eb63e5f3ba55156e796ab6f4eb637a8a28aed3c52b5fea161a6594da86a57b05a5adba19269e790471c683ab331e001ea6be7ef893fb67f803c2b34ba5f832ce4f14df4648696297c9b24218a95f3482646ce30a8a4367ef0af927c69f12fc7ff10ee7ed5e2df155c6a083cb912069b6c0a19994324483629da0f20739048c8ae7110c87003133476ee0aee7c92ecc791ea1476e82bdfa793aa69cab3bdada2f33e970592d2938baf2bb77b2ba4b4df5df7d3a7ddbf53f14bf698f8c5f10ee561d4b5e934bd0e490c72d869d9b38244d8dbb7927cc7040c149199496fbab8e381b3b5ba8afa1bab49b1796edfb8919061f24831b63931b9ce78fbd22b804a2d58bcb7177a24c647557daceacf850cc6df9ec4f24d6278a35e3a0f87a7d4aca38ee352fb33ada40c4e659d40c124e081fea9891d02f1c915df5b07465465876bdc6bfaf9e89fdda58f668421874a5082d374b4e8be6f7b2dde8ddefa9ef5e19d42c7c45a5c7a842acae06c9ede6c6e8db8ca9f5faf39ea0d41e24beb0f0b69577ae5f3f956f6eacd8400b1ef851ebdbbd7ca9f003e2cf88be137896e2d7e35de5dc30f89a77b8dd7309d914f9e4ee4e157e787b04553ced0141f41fda5be20da7883c17343e148a49d1ad9a68cc3924b9036e147dee096eb83b707835f9ad5c8eaac4aa54d3e47adfb47cff00ad74ee6b4711cf07ccbdf5bad9dfb7f5fa162ce6d5f5d8d3c51addac915d5f0370b6e5b22dadc16f2a200f462065c919df21192a140e8fc19f197e297c32d72e6cfc13e33bdb5b281b125938592d1a40bb9dbc9901552db492546ec01865ea7c63e027c68d6fc67649e1df1dd8c96fae5a848adae9e3282ee31b4f2a78f300dcc718c8e474c57a0c6f048b7a156326498c876303bbf74dc9071e9dabf47c0e1f0f1c3c69d38fb8ba35ddadefd75e9bf439a56c6538f36b75d7ab8c5b6be6e2b7ee7d9bf0eff6e6b0bb9934bf89fe176d3e6dc10ea1a665e0ce4e4b42e7cc4555c124339f41d2be96f0af8c3c33e36d262d7bc2baddaea56330056581f38c8ce187556c1076b00467a57e59cd0ec6badd8088b2c4008d865ca211d0fd7ad68681e22f10f847534d6bc37aa5e699723cc267b79da16c2bae159b80ca4e090c4e71dc1c1e59e534eac54a93b377f4ff00807063f24a7cd3f65eef2dbaf7d36f5edf715d5601710879233e5ceb1e1662d951096e47b67eb51dace16dcb02d2b5a0de4a3330c0840c103ddbf9f5aa3a66ab26afa69bf026f32359647c81f7923099c76cf07db22aedcee845eb324a11a27199240a07eed7bafd2bd88252946fd5747daeba9ecce6d539b8dfdd92b5d696972be9b7cc92ea02229ad62de143f963cb40bff2ec07f175aad73a1e95757a1ee6d14c914de5c4249d870d0649ee0f23f5ab776e8f733f31102e3182e65cfee3d0e292d5992f2155ddb5e61c47114ff960dddb23b545da829bfe4f35bbeeb43494632aae92d7f7bdd3d95f69599e67f1bbc2b0f8d6c7c376652d965975fb496698cd80966d0b79a01ed9118e7d8575b1e81657102bcca92c2627ba882cd95656560a78ff0060a8e40f7ab9aec369ae7f67f876ec4af6d79088ae812a331182556194c303f32f231ec69fa569961a2e830e99a6c6a96f0e9ac8aa6176246d524923ae49273ef4924eab868d5bbb7f66dd17a9cd1a6e9a9626d672df44b553becfc9ee36cbc1da3daeb306a96ba6b473c374c85a3208c1b7c67e63d71560d823f94abbf3228c89115f2442d8c05e9cd5bba58a19646089f2dc12375b301ff1ee3d4d36c5e113db3ee87e57d98493cae0424f41f5aa49c60e497d85d1f47ddb3a1a8caa2a6def564be25d63da2865d3b4915d610032cff29dad1920db776f4a864543712aadc43fbc778548b97c65a20dd31ed4592a6eb41e7479211f689d893fba618c1fa5305fcd63671dd5c34eca845cfc823208fb3b0c0ef9c834e4b95bfeec56efab5e5e84c5aa905da7277b47a4657d6fea7977c35f197fa56b7a1cecb1dc5b19636468cc63e74ddbb049cf08a3ea7a9eb5ea77bf32ddb288f243fcd1db9ff9e4a7a83f866be78d41df4ffda2efadacdda28a7d2a0964407866d80e4e7e838f615ef1a6dcdc5eda335cccec6400b1076e7fd1fdab1c0d7588d637b4137adbaa56d2c73558ba4a50ab67294d42eafbc24d377ba7af7371e492e2e5e222720dd2ae7e4183f67f7e6aa35c259a417170447871c3dc10d9f21bb723bd4973122098e371f349f9c97e7ecfef9ae7bc47733437282360a06d60028ea60193fad5e1ad88b53a7fc8bcbaf93fd0eec639615fb6abff003f5ff7b756eabf524d3fc9b7d42d6e275b612ac3364336dc2f971e0161c9fa62b6649228d2e54a47f2daccb94b87ec91738ac6d62feea3376e920564b2ba60422e72238bdbdcd5eb79e4bbb1b99ee087778a4dc76819cc71e7a575cb0f5215e1cdd52eafb7cbb9e7c31546585a8a3d252fb2ba49aeadf64685c87966b868c4f9049cab2b0e2103f88d490bdc24f1c2ff00684fdfe38f2c7fcb0f6e6a86a11446e7505f2d30a188c281ff002c5fff00891f953ad628daf74bcae3cf569a423825feee723a7cbc715cbeefb1727fcad6dd939759768bf99e8fbf1c4282fe78bf8adbb8c3a47bc97cafe85796f92d85bccde6948e08f7ee4dcaade539e71ed8efdc579ef8ebc511e83e1e8a2408f3dc4cb1c68a8c8e02b88cb07f4c6e3c7afaf5eca4674b0b729238f361777f9cf242003f4247e35e4de291e7f8c6ce19999e3b3587c852c70999413f5e40eb59e2a5152947abbad92d9f23fc7538e9d49fb1849746a4aedbb732f689fdda5bcfe67fffd9),
(2017033800107532, 'Yash S shah', 'D17CJ042109', 'yashah301@gmail.com', '5e884898da28047151d0e56f8dc6292773603d0d6aabbdd62a11ef721d1542d8', NULL),
(2017033800107547, 'Solanki Harsh', 'D17CJ0491102', 'harsh.solanki2105@gmail.com', '5e884898da28047151d0e56f8dc6292773603d0d6aabbdd62a11ef721d1542d8', NULL),
(2017033800107555, 'Shivangi Surajbhan Bind', 'D17CJ0041014', 'shivangi.bind@gmail.com', '5e884898da28047151d0e56f8dc6292773603d0d6aabbdd62a11ef721d1542d8', NULL);

-- --------------------------------------------------------

--
-- Table structure for table `studentfingerprint`
--

DROP TABLE IF EXISTS `studentfingerprint`;
CREATE TABLE IF NOT EXISTS `studentfingerprint` (
  `PRN` bigint(16) NOT NULL,
  `templateID` tinyint(1) NOT NULL,
  `template` blob,
  PRIMARY KEY (`PRN`,`templateID`),
  KEY `PRN` (`PRN`,`templateID`)
) ENGINE=InnoDB DEFAULT CHARSET=latin1;

--
-- Dumping data for table `studentfingerprint`
--

INSERT INTO `studentfingerprint` (`PRN`, `templateID`, `template`) VALUES
(2017033800104054, 1, NULL),
(2017033800104054, 2, NULL),
(2017033800104062, 1, NULL),
(2017033800104062, 2, NULL),
(2017033800104077, 1, NULL),
(2017033800104077, 2, NULL),
(2017033800104104, 1, NULL),
(2017033800104104, 2, NULL),
(2017033800104112, 1, NULL),
(2017033800104112, 2, NULL),
(2017033800104135, 1, NULL),
(2017033800104135, 2, NULL),
(2017033800104143, 1, NULL),
(2017033800104143, 2, NULL),
(2017033800104166, 1, NULL),
(2017033800104166, 2, NULL),
(2017033800104174, 1, NULL),
(2017033800104174, 2, NULL),
(2017033800104182, 1, NULL),
(2017033800104182, 2, NULL),
(2017033800104197, 1, NULL),
(2017033800104197, 2, NULL),
(2017033800104216, 1, NULL),
(2017033800104216, 2, NULL),
(2017033800104224, 1, NULL),
(2017033800104224, 2, NULL),
(2017033800104255, 1, NULL),
(2017033800104255, 2, NULL),
(2017033800104263, 1, NULL),
(2017033800104263, 2, NULL),
(2017033800104286, 1, NULL),
(2017033800104286, 2, NULL),
(2017033800104305, 1, NULL),
(2017033800104305, 2, NULL),
(2017033800104313, 1, NULL),
(2017033800104313, 2, NULL),
(2017033800104344, 1, NULL),
(2017033800104344, 2, NULL),
(2017033800104352, 1, NULL),
(2017033800104352, 2, NULL),
(2017033800104367, 1, NULL),
(2017033800104367, 2, NULL),
(2017033800104402, 1, NULL),
(2017033800104402, 2, NULL),
(2017033800104417, 1, NULL),
(2017033800104417, 2, NULL),
(2017033800104425, 1, NULL),
(2017033800104425, 2, NULL),
(2017033800104487, 1, NULL),
(2017033800104487, 2, NULL),
(2017033800104495, 1, NULL),
(2017033800104495, 2, NULL),
(2017033800104506, 1, NULL),
(2017033800104506, 2, NULL),
(2017033800104522, 1, NULL),
(2017033800104522, 2, NULL),
(2017033800104537, 1, NULL),
(2017033800104537, 2, NULL),
(2017033800104545, 1, NULL),
(2017033800104545, 2, NULL),
(2017033800104576, 1, NULL),
(2017033800104576, 2, NULL),
(2017033800104584, 1, NULL),
(2017033800104584, 2, NULL),
(2017033800104592, 1, NULL),
(2017033800104592, 2, NULL),
(2017033800104603, 1, NULL),
(2017033800104603, 2, NULL),
(2017033800104634, 1, NULL),
(2017033800104634, 2, NULL),
(2017033800104762, 1, NULL),
(2017033800104762, 2, NULL),
(2017033800104777, 1, NULL),
(2017033800104777, 2, NULL),
(2017033800104785, 1, NULL),
(2017033800104785, 2, NULL),
(2017033800105974, 1, NULL),
(2017033800105974, 2, NULL),
(2017033800106022, 1, NULL),
(2017033800106022, 2, NULL),
(2017033800106045, 1, NULL),
(2017033800106045, 2, NULL),
(2017033800106084, 1, NULL),
(2017033800106084, 2, NULL),
(2017033800106111, 1, NULL),
(2017033800106111, 2, NULL),
(2017033800106126, 1, NULL),
(2017033800106126, 2, NULL),
(2017033800106142, 1, NULL),
(2017033800106142, 2, NULL),
(2017033800106157, 1, NULL),
(2017033800106157, 2, NULL),
(2017033800106215, 1, NULL),
(2017033800106215, 2, NULL),
(2017033800106246, 1, NULL),
(2017033800106246, 2, NULL),
(2017033800106254, 1, NULL),
(2017033800106254, 2, NULL),
(2017033800106262, 1, NULL),
(2017033800106262, 2, NULL),
(2017033800106285, 1, NULL),
(2017033800106285, 2, NULL),
(2017033800106293, 1, NULL),
(2017033800106293, 2, NULL),
(2017033800106312, 1, NULL),
(2017033800106312, 2, NULL),
(2017033800106335, 1, NULL),
(2017033800106335, 2, NULL),
(2017033800106366, 1, NULL),
(2017033800106366, 2, NULL),
(2017033800106382, 1, NULL),
(2017033800106382, 2, NULL),
(2017033800106397, 1, NULL),
(2017033800106397, 2, NULL),
(2017033800106401, 1, NULL),
(2017033800106401, 2, NULL),
(2017033800106416, 1, NULL),
(2017033800106416, 2, NULL),
(2017033800107412, 1, NULL),
(2017033800107412, 2, NULL),
(2017033800107435, 1, NULL),
(2017033800107435, 2, NULL),
(2017033800107497, 1, NULL),
(2017033800107497, 2, NULL),
(2017033800107532, 1, NULL),
(2017033800107532, 2, NULL),
(2017033800107547, 1, NULL),
(2017033800107547, 2, NULL),
(2017033800107555, 1, NULL),
(2017033800107555, 2, NULL);

-- --------------------------------------------------------

--
-- Table structure for table `studentsubject`
--

DROP TABLE IF EXISTS `studentsubject`;
CREATE TABLE IF NOT EXISTS `studentsubject` (
  `PRN` bigint(16) NOT NULL,
  `subjectID` varchar(7) NOT NULL,
  `batchID` tinyint(1) NOT NULL,
  PRIMARY KEY (`PRN`,`subjectID`),
  KEY `batchID` (`batchID`),
  KEY `subjectID` (`subjectID`),
  KEY `PRN_2` (`PRN`,`subjectID`)
) ENGINE=InnoDB DEFAULT CHARSET=latin1;

--
-- Dumping data for table `studentsubject`
--

INSERT INTO `studentsubject` (`PRN`, `subjectID`, `batchID`) VALUES
(2017033800104112, 'BCA1501', 1),
(2017033800104112, 'BCA1538', 1),
(2017033800104112, 'BCA1539', 1),
(2017033800104166, 'BCA1501', 1),
(2017033800104166, 'BCA1530', 1),
(2017033800104166, 'BCA1539', 1),
(2017033800104174, 'BCA1501', 1),
(2017033800104174, 'BCA1538', 1),
(2017033800104174, 'BCA1539', 1),
(2017033800104197, 'BCA1530', 1),
(2017033800104263, 'BCA1501', 1),
(2017033800104263, 'BCA1538', 1),
(2017033800104263, 'BCA1539', 1),
(2017033800104286, 'BCA1501', 1),
(2017033800104286, 'BCA1530', 1),
(2017033800104286, 'BCA1539', 1),
(2017033800104305, 'BCA1530', 1),
(2017033800104313, 'BCA1501', 1),
(2017033800104313, 'BCA1530', 1),
(2017033800104313, 'BCA1539', 1),
(2017033800104344, 'BCA1501', 1),
(2017033800104344, 'BCA1530', 1),
(2017033800104417, 'BCA1501', 1),
(2017033800104417, 'BCA1538', 1),
(2017033800104417, 'BCA1539', 1),
(2017033800104425, 'BCA1501', 1),
(2017033800104425, 'BCA1530', 1),
(2017033800104425, 'BCA1538', 1),
(2017033800104506, 'BCA1501', 1),
(2017033800104506, 'BCA1530', 1),
(2017033800104506, 'BCA1539', 1),
(2017033800104522, 'BCA1530', 1),
(2017033800104537, 'BCA1501', 1),
(2017033800104537, 'BCA1538', 1),
(2017033800104537, 'BCA1539', 1),
(2017033800104576, 'BCA1501', 1),
(2017033800104576, 'BCA1538', 1),
(2017033800104576, 'BCA1539', 1),
(2017033800104592, 'BCA1501', 1),
(2017033800104592, 'BCA1539', 1),
(2017033800104634, 'BCA1501', 1),
(2017033800104634, 'BCA1538', 1),
(2017033800104634, 'BCA1539', 1),
(2017033800104762, 'BCA1501', 1),
(2017033800104777, 'BCA1501', 1),
(2017033800104777, 'BCA1538', 1),
(2017033800104777, 'BCA1539', 1),
(2017033800106022, 'BCA1501', 1),
(2017033800106022, 'BCA1530', 1),
(2017033800106022, 'BCA1539', 1),
(2017033800106045, 'BCA1501', 1),
(2017033800106045, 'BCA1538', 1),
(2017033800106045, 'BCA1539', 1),
(2017033800106084, 'BCA1501', 1),
(2017033800106084, 'BCA1539', 1),
(2017033800106111, 'BCA1501', 1),
(2017033800106111, 'BCA1539', 1),
(2017033800106126, 'BCA1501', 1),
(2017033800106126, 'BCA1538', 1),
(2017033800106126, 'BCA1539', 1),
(2017033800106142, 'BCA1501', 1),
(2017033800106142, 'BCA1538', 1),
(2017033800106142, 'BCA1539', 1),
(2017033800106262, 'BCA1501', 1),
(2017033800106262, 'BCA1538', 1),
(2017033800106262, 'BCA1539', 1),
(2017033800106285, 'BCA1501', 1),
(2017033800106285, 'BCA1538', 1),
(2017033800106293, 'BCA1501', 1),
(2017033800106293, 'BCA1538', 1),
(2017033800106293, 'BCA1539', 1),
(2017033800106382, 'BCA1501', 1),
(2017033800106382, 'BCA1538', 1),
(2017033800106382, 'BCA1539', 1),
(2017033800106397, 'BCA1501', 1),
(2017033800106397, 'BCA1538', 1),
(2017033800106397, 'BCA1539', 1),
(2017033800106416, 'BCA1501', 1),
(2017033800106416, 'BCA1539', 1),
(2017033800107412, 'BCA1501', 1),
(2017033800107412, 'BCA1530', 1),
(2017033800107412, 'BCA1538', 1),
(2017033800107497, 'BCA1501', 1),
(2017033800107497, 'BCA1538', 1),
(2017033800107497, 'BCA1539', 1),
(2017033800104104, 'BCA1501', 2),
(2017033800104104, 'BCA1538', 2),
(2017033800104104, 'BCA1539', 2),
(2017033800104197, 'BCA1501', 2),
(2017033800104197, 'BCA1539', 2),
(2017033800104305, 'BCA1501', 2),
(2017033800104305, 'BCA1538', 2),
(2017033800104344, 'BCA1538', 2),
(2017033800104367, 'BCA1501', 2),
(2017033800104367, 'BCA1538', 2),
(2017033800104367, 'BCA1539', 2),
(2017033800104522, 'BCA1501', 2),
(2017033800104522, 'BCA1539', 2),
(2017033800104592, 'BCA1538', 2),
(2017033800104762, 'BCA1538', 2),
(2017033800104762, 'BCA1539', 2),
(2017033800106084, 'BCA1538', 2),
(2017033800106111, 'BCA1538', 2),
(2017033800106285, 'BCA1539', 2),
(2017033800106416, 'BCA1538', 2),
(2017033800107435, 'BCA1501', 2),
(2017033800107435, 'BCA1538', 2),
(2017033800107435, 'BCA1539', 2);

-- --------------------------------------------------------

--
-- Table structure for table `subject`
--

DROP TABLE IF EXISTS `subject`;
CREATE TABLE IF NOT EXISTS `subject` (
  `subjectID` varchar(7) NOT NULL,
  `subject` varchar(40) NOT NULL,
  `sem` tinyint(1) NOT NULL,
  `Abbreviation` varchar(10) NOT NULL,
  `classID` tinyint(1) NOT NULL,
  PRIMARY KEY (`subjectID`,`sem`),
  KEY `classID` (`classID`)
) ENGINE=InnoDB DEFAULT CHARSET=latin1;

--
-- Dumping data for table `subject`
--

INSERT INTO `subject` (`subjectID`, `subject`, `sem`, `Abbreviation`, `classID`) VALUES
('BCA1001', 'Desktop Publishing', 2, 'DTP', 1),
('BCA1009', 'Web Publishing', 4, 'Web Pub', 2),
('BCA1010', 'Introduction to Multimedia', 4, 'IM', 2),
('BCA1105', 'PC Software and Database', 1, 'PCDB', 1),
('BCA1106', 'Programming', 1, 'Python', 1),
('BCA1205', 'Object Oriented Programming', 2, 'OOP', 1),
('BCA1206', 'Data Structures', 2, 'DS', 1),
('BCA1207', 'Structured Query Language', 2, 'SQL', 1),
('BCA1208', 'HTML-I', 1, 'HTML-1', 1),
('BCA1301', 'Java', 3, 'JAVA', 2),
('BCA1303', '.NET Programming', 4, '.NET', 2),
('BCA1304', 'Shell Programming', 3, 'SHELL', 2),
('BCA1305', 'Database Application Programming', 3, 'DAP', 2),
('BCA1306', 'Computer Networks-I ', 3, 'CN-1', 2),
('BCA1307', 'HTML-II', 3, 'HTML-2', 2),
('BCA1308', 'Data Exploration', 3, 'DE', 2),
('BCA1401', 'Advanced Java Programming', 4, 'Adv. JAVA', 2),
('BCA1403', 'Web technology', 4, 'WT', 2),
('BCA1405', 'Computer Networks-II', 4, 'CN-2', 2),
('BCA1501', 'XML', 5, 'XML', 3),
('BCA1530', 'Web Application Development', 5, 'WAD', 3),
('BCA1538', 'Artificial Intelligence', 5, 'AI', 3),
('BCA1539', 'Mobile Computing', 5, 'MC', 3);

-- --------------------------------------------------------

--
-- Table structure for table `timedata`
--

DROP TABLE IF EXISTS `timedata`;
CREATE TABLE IF NOT EXISTS `timedata` (
  `timeID` int(5) NOT NULL AUTO_INCREMENT,
  `time` time NOT NULL,
  PRIMARY KEY (`timeID`)
) ENGINE=InnoDB AUTO_INCREMENT=3 DEFAULT CHARSET=latin1;

--
-- Dumping data for table `timedata`
--

INSERT INTO `timedata` (`timeID`, `time`) VALUES
(1, '10:10:00'),
(2, '13:01:00');

-- --------------------------------------------------------

--
-- Table structure for table `timetable`
--

DROP TABLE IF EXISTS `timetable`;
CREATE TABLE IF NOT EXISTS `timetable` (
  `scheduleID` int(4) NOT NULL AUTO_INCREMENT,
  `slotID` tinyint(1) NOT NULL,
  `labID` tinyint(1) NOT NULL,
  `subjectID` varchar(7) NOT NULL,
  `batchID` tinyint(1) NOT NULL,
  `weekID` int(2) NOT NULL,
  `dayID` int(1) NOT NULL,
  PRIMARY KEY (`scheduleID`),
  KEY `slotID` (`slotID`),
  KEY `labID` (`labID`),
  KEY `subjectID` (`subjectID`),
  KEY `batchID` (`batchID`),
  KEY `weekID` (`weekID`),
  KEY `dayID` (`dayID`)
) ENGINE=InnoDB AUTO_INCREMENT=205 DEFAULT CHARSET=latin1;

--
-- Dumping data for table `timetable`
--

INSERT INTO `timetable` (`scheduleID`, `slotID`, `labID`, `subjectID`, `batchID`, `weekID`, `dayID`) VALUES
(1, 1, 1, 'BCA1538', 1, 1, 1),
(2, 2, 1, 'BCA1301', 1, 1, 1),
(3, 2, 2, 'BCA1308', 2, 1, 1),
(4, 2, 3, 'BCA1538', 3, 1, 1),
(5, 3, 1, 'BCA1539', 1, 1, 1),
(6, 4, 1, 'BCA1105', 1, 1, 1),
(7, 4, 2, 'BCA1106', 2, 1, 1),
(8, 4, 3, 'BCA1208', 3, 1, 1),
(18, 2, 1, 'BCA1301', 3, 1, 2),
(19, 3, 1, 'BCA1307', 3, 1, 2),
(21, 1, 1, 'BCA1308', 3, 1, 6),
(22, 2, 3, 'BCA1208', 1, 1, 6),
(23, 4, 3, 'BCA1301', 1, 1, 6),
(24, 1, 3, 'BCA1501', 1, 1, 6),
(26, 5, 3, 'BCA1301', 1, 1, 6),
(27, 5, 1, 'BCA1106', 1, 1, 6),
(28, 1, 2, 'BCA1304', 1, 1, 6),
(29, 5, 2, 'BCA1105', 1, 1, 6),
(93, 1, 1, 'BCA1538', 1, 14, 1),
(94, 2, 1, 'BCA1301', 1, 14, 1),
(95, 2, 2, 'BCA1308', 2, 14, 1),
(96, 2, 3, 'BCA1538', 3, 14, 1),
(97, 3, 1, 'BCA1539', 1, 14, 1),
(98, 4, 1, 'BCA1105', 1, 14, 1),
(99, 4, 2, 'BCA1106', 2, 14, 1),
(100, 4, 3, 'BCA1208', 3, 14, 1),
(101, 2, 1, 'BCA1301', 3, 14, 2),
(102, 3, 1, 'BCA1307', 3, 14, 2),
(103, 1, 1, 'BCA1308', 3, 14, 6),
(104, 2, 3, 'BCA1208', 1, 14, 6),
(105, 4, 3, 'BCA1301', 1, 14, 6),
(106, 1, 3, 'BCA1501', 1, 14, 6),
(107, 5, 3, 'BCA1301', 1, 14, 6),
(108, 5, 1, 'BCA1106', 1, 14, 6),
(109, 1, 2, 'BCA1304', 1, 14, 6),
(110, 5, 2, 'BCA1105', 1, 14, 6),
(142, 4, 1, 'BCA1538', 1, 14, 6),
(174, 1, 1, 'BCA1538', 1, 15, 1),
(175, 2, 1, 'BCA1301', 1, 15, 1),
(176, 2, 2, 'BCA1308', 2, 15, 1),
(177, 2, 3, 'BCA1538', 3, 15, 1),
(178, 3, 1, 'BCA1539', 1, 15, 1),
(179, 4, 1, 'BCA1105', 1, 15, 1),
(180, 4, 2, 'BCA1106', 2, 15, 1),
(181, 4, 3, 'BCA1208', 3, 15, 1),
(182, 2, 1, 'BCA1301', 3, 15, 2),
(183, 3, 1, 'BCA1307', 3, 15, 2),
(184, 1, 1, 'BCA1308', 3, 15, 6),
(185, 2, 3, 'BCA1208', 1, 15, 6),
(186, 4, 3, 'BCA1301', 1, 15, 6),
(187, 1, 3, 'BCA1501', 1, 15, 6),
(188, 5, 3, 'BCA1301', 1, 15, 6),
(189, 5, 1, 'BCA1106', 1, 15, 6),
(190, 1, 2, 'BCA1304', 1, 15, 6),
(191, 5, 2, 'BCA1105', 1, 15, 6),
(192, 4, 1, 'BCA1538', 1, 15, 6);

-- --------------------------------------------------------

--
-- Table structure for table `week`
--

DROP TABLE IF EXISTS `week`;
CREATE TABLE IF NOT EXISTS `week` (
  `weekID` int(2) NOT NULL AUTO_INCREMENT,
  `week` int(2) NOT NULL,
  PRIMARY KEY (`weekID`),
  UNIQUE KEY `week` (`week`)
) ENGINE=InnoDB AUTO_INCREMENT=16 DEFAULT CHARSET=latin1;

--
-- Dumping data for table `week`
--

INSERT INTO `week` (`weekID`, `week`) VALUES
(1, 44),
(14, 45),
(15, 46);

--
-- Constraints for dumped tables
--

--
-- Constraints for table `attendance`
--
ALTER TABLE `attendance`
  ADD CONSTRAINT `attendance_ibfk_1` FOREIGN KEY (`scheduleID`) REFERENCES `timetable` (`scheduleID`),
  ADD CONSTRAINT `attendance_ibfk_2` FOREIGN KEY (`PRN`) REFERENCES `student` (`PRN`),
  ADD CONSTRAINT `attendance_ibfk_3` FOREIGN KEY (`dateID`) REFERENCES `datedata` (`dateID`),
  ADD CONSTRAINT `attendance_ibfk_4` FOREIGN KEY (`timeID`) REFERENCES `timedata` (`timeID`);

--
-- Constraints for table `facultyfingerprint`
--
ALTER TABLE `facultyfingerprint`
  ADD CONSTRAINT `facultyfingerprint_ibfk_1` FOREIGN KEY (`facultyID`) REFERENCES `faculty` (`facultyID`);

--
-- Constraints for table `facultysubject`
--
ALTER TABLE `facultysubject`
  ADD CONSTRAINT `facultysubject_ibfk_1` FOREIGN KEY (`facultyID`) REFERENCES `faculty` (`facultyID`),
  ADD CONSTRAINT `facultysubject_ibfk_2` FOREIGN KEY (`subjectID`) REFERENCES `subject` (`subjectID`);

--
-- Constraints for table `facultytimetable`
--
ALTER TABLE `facultytimetable`
  ADD CONSTRAINT `facultytimetable_ibfk_1` FOREIGN KEY (`scheduleID`) REFERENCES `timetable` (`scheduleID`),
  ADD CONSTRAINT `facultytimetable_ibfk_2` FOREIGN KEY (`facultyID`) REFERENCES `faculty` (`facultyID`);

--
-- Constraints for table `log`
--
ALTER TABLE `log`
  ADD CONSTRAINT `log_ibfk_1` FOREIGN KEY (`logTypeID`) REFERENCES `logtype` (`logTypeID`),
  ADD CONSTRAINT `log_ibfk_2` FOREIGN KEY (`timeID`) REFERENCES `timedata` (`timeID`),
  ADD CONSTRAINT `log_ibfk_3` FOREIGN KEY (`dateID`) REFERENCES `datedata` (`dateID`);

--
-- Constraints for table `rollcall`
--
ALTER TABLE `rollcall`
  ADD CONSTRAINT `rollcall_ibfk_1` FOREIGN KEY (`classID`) REFERENCES `class` (`classID`),
  ADD CONSTRAINT `rollcall_ibfk_2` FOREIGN KEY (`PRN`) REFERENCES `student` (`PRN`);

--
-- Constraints for table `studentfingerprint`
--
ALTER TABLE `studentfingerprint`
  ADD CONSTRAINT `studentfingerprint_ibfk_1` FOREIGN KEY (`PRN`) REFERENCES `student` (`PRN`);

--
-- Constraints for table `studentsubject`
--
ALTER TABLE `studentsubject`
  ADD CONSTRAINT `studentsubject_ibfk_1` FOREIGN KEY (`subjectID`) REFERENCES `subject` (`subjectID`),
  ADD CONSTRAINT `studentsubject_ibfk_2` FOREIGN KEY (`batchID`) REFERENCES `batch` (`batchID`),
  ADD CONSTRAINT `studentsubject_ibfk_3` FOREIGN KEY (`PRN`) REFERENCES `student` (`PRN`);

--
-- Constraints for table `subject`
--
ALTER TABLE `subject`
  ADD CONSTRAINT `subject_ibfk_1` FOREIGN KEY (`classID`) REFERENCES `class` (`classID`);

--
-- Constraints for table `timetable`
--
ALTER TABLE `timetable`
  ADD CONSTRAINT `timetable_ibfk_1` FOREIGN KEY (`slotID`) REFERENCES `slot` (`slotID`),
  ADD CONSTRAINT `timetable_ibfk_2` FOREIGN KEY (`labID`) REFERENCES `lab` (`labID`),
  ADD CONSTRAINT `timetable_ibfk_3` FOREIGN KEY (`subjectID`) REFERENCES `subject` (`subjectID`),
  ADD CONSTRAINT `timetable_ibfk_5` FOREIGN KEY (`batchID`) REFERENCES `batch` (`batchID`),
  ADD CONSTRAINT `timetable_ibfk_6` FOREIGN KEY (`weekID`) REFERENCES `week` (`weekID`),
  ADD CONSTRAINT `timetable_ibfk_7` FOREIGN KEY (`dayID`) REFERENCES `daydata` (`dayID`);
COMMIT;

/*!40101 SET CHARACTER_SET_CLIENT=@OLD_CHARACTER_SET_CLIENT */;
/*!40101 SET CHARACTER_SET_RESULTS=@OLD_CHARACTER_SET_RESULTS */;
/*!40101 SET COLLATION_CONNECTION=@OLD_COLLATION_CONNECTION */;
